Order ID,Amount,Profit,Quantity,Category,Sub-Category,PaymentMode
X-25681,1096,658,7,Food,Pizza,COD
X-26055,5729,64,14,Gym,Treadmill,EMI
X-25955,2927,146,8,Home Decor,Lamps,EMI
X-26093,2847,712,8,Food,Burgers,Credit Card
X-25602,2617,1151,4,Gym,Yoga Mat,Credit Card
X-25881,2244,247,4,Home Decor,Paintings,Credit Card
X-25696,275,-275,4,Food,Pasta,COD
X-25687,387,-213,5,Home Decor,Vases,UPI
X-25643,50,-44,2,Gym,Weight Bench,UPI
X-25851,135,-54,5,Home Decor,Curtains,COD
X-25703,231,-190,9,Food,Sandwich,COD
X-25887,2125,-234,6,Gym,Exercise Bike,EMI
X-25923,3873,-891,6,Home Decor,Wall Clocks,Credit Card
X-25756,729,-492,5,Food,Salad,UPI
X-25761,2188,1050,5,Gym,Dumbbells,Credit Card
X-25655,6,-3,1,Home Decor,Cushions,UPI
X-25786,1854,433,5,Food,Sushi,Credit Card
X-26095,6,1,1,Gym,Jumping Rope,UPI
X-25853,1389,654,7,Home Decor,Photo Frames,COD
X-25735,2473,-279,3,Food,Coffee,COD
X-25910,359,140,2,Gym,Resistance Bands,UPI
X-25950,1912,278,4,Home Decor,Decorative Mirrors,Credit Card
X-25744,882,-123,3,Food,Smoothie,COD
X-25845,1399,392,5,Gym,Exercise Ball,Credit Card
X-26001,604,-105,3,Home Decor,Rugs,COD
X-25830,305,-49,1,Food,Dessert,COD
X-25842,1734,649,6,Gym,Rowing Machine,EMI
X-25778,262,87,3,Home Decor,Table Lamps,UPI
X-25686,713,-112,2,Food,Sandwich,UPI
X-25754,1207,529,5,Gym,Home Gym Set,Credit Card
X-26048,485,-56,2,Home Decor,Wall Art,COD
X-25816,1100,498,5,Food,BBQ,Credit Card
X-26022,1689,254,3,Gym,Exercise Mat,EMI
X-25883,444,-77,2,Home Decor,Throw Pillows,UPI
X-26003,798,132,3,Food,Burrito,COD
X-26097,1582,374,4,Gym,Punching Bag,Credit Card
X-25710,517,-71,2,Home Decor,Bookends,COD
X-25797,963,387,4,Food,Pancakes,EMI
X-25618,1033,129,3,Gym,Resistance Bands,UPI
X-25723,336,-59,1,Home Decor,Wall Decor,COD
X-25755,651,288,3,Food,Pizza,Credit Card
X-25788,1849,732,7,Gym,Exercise Bike,EMI
X-25681,488,-95,2,Home Decor,Planters,UPI
X-25991,1189,481,5,Food,Burger,COD
X-25779,1699,235,4,Gym,Skipping Rope,Credit Card
X-25909,225,-67,1,Home Decor,Candles,COD
X-25943,1011,308,3,Food,Tacos,EMI
X-25935,796,312,3,Gym,Weight Plates,UPI
X-25613,333,-74,1,Home Decor,Floor Lamps,COD
X-25729,572,128,2,Food,Sushi,Credit Card
X-25772,1299,642,5,Gym,Exercise Bench,EMI
X-25655,397,-82,2,Home Decor,Curtains,UPI
X-25640,917,372,4,Food,Salad,COD
X-25810,1782,674,6,Gym,Treadmill,Credit Card
X-25801,263,-49,1,Home Decor,Throw Blankets,COD
X-26085,697,251,3,Food,Burrito,EMI
X-25868,1337,564,6,Gym,Yoga Mat,UPI
X-25714,374,-86,2,Home Decor,Artificial Plants,COD
X-25784,1002,432,4,Food,Smoothie,Credit Card
X-25608,1693,647,7,Gym,Dumbbells,EMI
X-26051,502,-63,2,Home Decor,Photo Frames,UPI
X-25900,217,94,1,Food,Dessert,COD
X-25760,1094,453,4,Gym,Exercise Ball,Credit Card
X-25762,485,-56,2,Home Decor,Rugs,COD
X-25995,305,-49,1,Food,Salad,COD
X-25965,1734,649,6,Gym,Rowing Machine,EMI
X-25967,262,87,3,Home Decor,Table Lamps,UPI
X-25674,713,-112,2,Food,Sandwich,UPI
X-25929,1207,529,5,Gym,Home Gym Set,Credit Card
X-25777,485,-56,2,Home Decor,Wall Art,COD
X-26006,1100,498,5,Food,BBQ,Credit Card
X-25697,1689,254,3,Gym,Exercise Mat,EMI
X-25667,444,-77,2,Home Decor,Throw Pillows,UPI
X-25836,798,132,3,Food,Burrito,COD
X-25984,1582,374,4,Gym,Punching Bag,Credit Card
X-25728,517,-71,2,Home Decor,Bookends,COD
X-25757,963,387,4,Food,Pancakes,EMI
X-25957,1033,129,3,Gym,Resistance Bands,UPI
X-26061,336,-59,1,Home Decor,Wall Decor,COD
X-25735,651,288,3,Food,Pizza,Credit Card
X-25616,1849,732,7,Gym,Exercise Bike,EMI
X-25666,488,-95,2,Home Decor,Planters,UPI
X-25675,1189,481,5,Food,Burger,COD
X-26079,1699,235,4,Gym,Skipping Rope,Credit Card
X-25850,225,-67,1,Home Decor,Candles,COD
X-25693,1011,308,3,Food,Tacos,EMI
X-25852,796,312,3,Gym,Weight Plates,UPI
X-25860,333,-74,1,Home Decor,Floor Lamps,COD
X-25853,572,128,2,Food,Sushi,Credit Card
X-25898,1299,642,5,Gym,Exercise Bench,EMI
X-26100,397,-82,2,Home Decor,Curtains,UPI
X-25653,917,372,4,Food,Salad,COD
X-25839,1782,674,6,Gym,Treadmill,Credit Card
X-25651,263,-49,1,Home Decor,Throw Blankets,COD
X-25957,697,251,3,Food,Burrito,EMI
X-25704,1337,564,6,Gym,Yoga Mat,UPI
X-25730,374,-86,2,Home Decor,Artificial Plants,COD
X-26052,1002,432,4,Food,Smoothie,Credit Card
X-25656,1693,647,7,Gym,Dumbbells,EMI
X-26033,502,-63,2,Home Decor,Photo Frames,UPI
X-25850,217,94,1,Food,Dessert,COD
X-25945,1094,453,4,Gym,Exercise Ball,Credit Card
X-26086,485,-56,2,Home Decor,Rugs,COD
X-25752,305,-49,1,Food,Salad,COD
X-26098,1734,649,6,Gym,Rowing Machine,EMI
X-26067,262,87,3,Home Decor,Table Lamps,UPI
X-25730,713,-112,2,Food,Sandwich,UPI
X-25986,1207,529,5,Gym,Home Gym Set,Credit Card
X-26067,485,-56,2,Home Decor,Wall Art,COD
X-25953,1100,498,5,Food,BBQ,Credit Card
X-25952,1689,254,3,Gym,Exercise Mat,EMI
X-25903,444,-77,2,Home Decor,Throw Pillows,UPI
X-25650,798,132,3,Food,Burrito,COD
X-25970,1582,374,4,Gym,Punching Bag,Credit Card
X-26062,517,-71,2,Home Decor,Bookends,COD
X-25643,963,387,4,Food,Pancakes,EMI
X-25632,1033,129,3,Gym,Resistance Bands,UPI
X-25821,336,-59,1,Home Decor,Wall Decor,COD
X-25878,651,288,3,Food,Pizza,Credit Card
X-25752,1849,732,7,Gym,Exercise Bike,EMI
X-25750,488,-95,2,Home Decor,Planters,UPI
X-25657,1189,481,5,Food,Burger,COD
X-25787,1699,235,4,Gym,Skipping Rope,Credit Card
X-25808,225,-67,1,Home Decor,Candles,COD
X-25885,1011,308,3,Food,Tacos,EMI
X-25778,796,312,3,Gym,Weight Plates,UPI
X-25759,333,-74,1,Home Decor,Floor Lamps,COD
X-25747,572,128,2,Food,Sushi,Credit Card
X-25878,1299,642,5,Gym,Exercise Bench,EMI
X-25603,397,-82,2,Home Decor,Curtains,UPI
X-25691,917,372,4,Food,Salad,COD
X-25607,1782,674,6,Gym,Treadmill,Credit Card
X-25708,263,-49,1,Home Decor,Throw Blankets,COD
X-26021,697,251,3,Food,Burrito,EMI
X-25831,1337,564,6,Gym,Yoga Mat,UPI
X-25850,374,-86,2,Home Decor,Artificial Plants,COD
X-25670,1002,432,4,Food,Smoothie,Credit Card
X-25852,1693,647,7,Gym,Dumbbells,EMI
X-26029,502,-63,2,Home Decor,Photo Frames,UPI
X-25959,217,94,1,Food,Dessert,COD
X-25676,1094,453,4,Gym,Exercise Ball,Credit Card
X-26097,485,-56,2,Home Decor,Rugs,COD
X-25888,305,-49,1,Food,Salad,COD
X-25911,1734,649,6,Gym,Rowing Machine,EMI
X-25662,262,87,3,Home Decor,Table Lamps,UPI
X-25950,713,-112,2,Food,Sandwich,UPI
X-25847,1207,529,5,Gym,Home Gym Set,Credit Card
X-25796,485,-56,2,Home Decor,Wall Art,COD
X-25693,1100,498,5,Food,BBQ,Credit Card
X-25993,1689,254,3,Gym,Exercise Mat,EMI
X-26052,444,-77,2,Home Decor,Throw Pillows,UPI
X-25930,798,132,3,Food,Burrito,COD
X-25785,1582,374,4,Gym,Punching Bag,Credit Card
X-26093,517,-71,2,Home Decor,Bookends,COD
X-26053,963,387,4,Food,Pancakes,EMI
X-26019,1033,129,3,Gym,Resistance Bands,UPI
X-26070,336,-59,1,Home Decor,Wall Decor,COD
X-25870,651,288,3,Food,Pizza,Credit Card
X-25855,1849,732,7,Gym,Exercise Bike,EMI
X-25602,488,-95,2,Home Decor,Planters,UPI
X-25728,1189,481,5,Food,Burger,COD
X-25803,1699,235,4,Gym,Skipping Rope,Credit Card
X-25996,225,-67,1,Home Decor,Candles,COD
X-26078,1011,308,3,Food,Tacos,EMI
X-25803,796,312,3,Gym,Weight Plates,UPI
X-25682,333,-74,1,Home Decor,Floor Lamps,COD
X-25749,572,128,2,Food,Sushi,Credit Card
X-25962,1299,642,5,Gym,Exercise Bench,EMI
X-25899,397,-82,2,Home Decor,Curtains,UPI
X-25845,917,372,4,Food,Salad,COD
X-25951,1782,674,6,Gym,Treadmill,Credit Card
X-25828,263,-49,1,Home Decor,Throw Blankets,COD
X-25803,697,251,3,Food,Burrito,EMI
X-25656,1337,564,6,Gym,Yoga Mat,UPI
X-25681,374,-86,2,Home Decor,Artificial Plants,COD
X-25658,1002,432,4,Food,Smoothie,Credit Card
X-25698,1693,647,7,Gym,Dumbbells,EMI
X-25832,502,-63,2,Home Decor,Photo Frames,UPI
X-25886,217,94,1,Food,Dessert,COD
X-25897,1094,453,4,Gym,Exercise Ball,Credit Card
X-25873,485,-56,2,Home Decor,Rugs,COD
X-25858,305,-49,1,Food,Salad,COD
X-25867,1734,649,6,Gym,Rowing Machine,EMI
X-25633,262,87,3,Home Decor,Table Lamps,UPI
X-25609,713,-112,2,Food,Sandwich,UPI
X-25896,1207,529,5,Gym,Home Gym Set,Credit Card
X-26000,485,-56,2,Home Decor,Wall Art,COD
X-25959,1100,498,5,Food,BBQ,Credit Card
X-25940,1689,254,3,Gym,Exercise Mat,EMI
X-26087,444,-77,2,Home Decor,Throw Pillows,UPI
X-26055,798,132,3,Food,Burrito,COD
X-25980,1582,374,4,Gym,Punching Bag,Credit Card
X-25653,517,-71,2,Home Decor,Bookends,COD
X-26052,963,387,4,Food,Pancakes,EMI
X-25877,1033,129,3,Gym,Resistance Bands,UPI
X-25608,336,-59,1,Home Decor,Wall Decor,COD
X-25897,651,288,3,Food,Pizza,Credit Card
X-25881,1849,732,7,Gym,Exercise Bike,EMI
X-25905,488,-95,2,Home Decor,Planters,UPI
X-25818,1189,481,5,Food,Burger,COD
X-25835,1699,235,4,Gym,Skipping Rope,Credit Card
X-26081,225,-67,1,Home Decor,Candles,COD
X-25730,1011,308,3,Food,Tacos,EMI
X-25837,796,312,3,Gym,Weight Plates,UPI
X-25893,333,-74,1,Home Decor,Floor Lamps,COD
X-25689,572,128,2,Food,Sushi,Credit Card
X-26028,1299,642,5,Gym,Exercise Bench,EMI
X-26081,397,-82,2,Home Decor,Curtains,UPI
X-25903,917,372,4,Food,Salad,COD
X-25651,1782,674,6,Gym,Treadmill,Credit Card
X-25903,263,-49,1,Home Decor,Throw Blankets,COD
X-26086,697,251,3,Food,Burrito,EMI
X-25654,1337,564,6,Gym,Yoga Mat,UPI
X-25720,374,-86,2,Home Decor,Artificial Plants,COD
X-26057,1002,432,4,Food,Smoothie,Credit Card
X-25798,1693,647,7,Gym,Dumbbells,EMI
X-25961,502,-63,2,Home Decor,Photo Frames,UPI
X-25701,217,94,1,Food,Dessert,COD
X-26055,1094,453,4,Gym,Exercise Ball,Credit Card
X-25653,485,-56,2,Home Decor,Rugs,COD
X-25670,305,-49,1,Food,Salad,COD
X-26056,1734,649,6,Gym,Rowing Machine,EMI
X-26061,262,87,3,Home Decor,Table Lamps,UPI
X-25602,713,-112,2,Food,Sandwich,UPI
X-26016,1207,529,5,Gym,Home Gym Set,Credit Card
X-25873,485,-56,2,Home Decor,Wall Art,COD
X-25761,1100,498,5,Food,BBQ,Credit Card
X-25819,1689,254,3,Gym,Exercise Mat,EMI
X-25853,444,-77,2,Home Decor,Throw Pillows,UPI
X-25662,798,132,3,Food,Burrito,COD
X-25993,1582,374,4,Gym,Punching Bag,Credit Card
X-25703,517,-71,2,Home Decor,Bookends,COD
X-25848,963,387,4,Food,Pancakes,EMI
X-25678,1033,129,3,Gym,Resistance Bands,UPI
X-25925,336,-59,1,Home Decor,Wall Decor,COD
X-25977,651,288,3,Food,Pizza,Credit Card
X-25797,1849,732,7,Gym,Exercise Bike,EMI
X-26067,488,-95,2,Home Decor,Planters,UPI
X-25810,1189,481,5,Food,Burger,COD
X-25648,1699,235,4,Gym,Skipping Rope,Credit Card
X-25933,225,-67,1,Home Decor,Candles,COD
X-25942,1011,308,3,Food,Tacos,EMI
X-25656,796,312,3,Gym,Weight Plates,UPI
X-26067,333,-74,1,Home Decor,Floor Lamps,COD
X-25673,572,128,2,Food,Sushi,Credit Card
X-25797,1299,642,5,Gym,Exercise Bench,EMI
X-26098,397,-82,2,Home Decor,Curtains,UPI
X-25656,917,372,4,Food,Salad,COD
X-25791,1782,674,6,Gym,Treadmill,Credit Card
X-26053,263,-49,1,Home Decor,Throw Blankets,COD
X-25983,697,251,3,Food,Burrito,EMI
X-25743,1337,564,6,Gym,Yoga Mat,UPI
X-25867,374,-86,2,Home Decor,Artificial Plants,COD
X-25973,1002,432,4,Food,Smoothie,Credit Card
X-25895,1693,647,7,Gym,Dumbbells,EMI
X-26003,502,-63,2,Home Decor,Photo Frames,UPI
X-25717,217,94,1,Food,Dessert,COD
X-26064,1094,453,4,Gym,Exercise Ball,Credit Card
X-25630,485,-56,2,Home Decor,Rugs,COD
X-26050,305,-49,1,Food,Salad,COD
X-25786,1734,649,6,Gym,Rowing Machine,EMI
X-26035,262,87,3,Home Decor,Table Lamps,UPI
X-25693,713,-112,2,Food,Sandwich,UPI
X-25703,1207,529,5,Gym,Home Gym Set,Credit Card
X-25966,485,-56,2,Home Decor,Wall Art,COD
X-26060,1100,498,5,Food,BBQ,Credit Card
X-25898,1689,254,3,Gym,Exercise Mat,EMI
X-25686,444,-77,2,Home Decor,Throw Pillows,UPI
X-26051,798,132,3,Food,Burrito,COD
X-25854,1582,374,4,Gym,Punching Bag,Credit Card
X-26050,517,-71,2,Home Decor,Bookends,COD
X-25961,963,387,4,Food,Pancakes,EMI
X-25701,1033,129,3,Gym,Resistance Bands,UPI
X-25970,336,-59,1,Home Decor,Wall Decor,COD
X-25933,651,288,3,Food,Pizza,Credit Card
X-26081,1849,732,7,Gym,Exercise Bike,EMI
X-25650,488,-95,2,Home Decor,Planters,UPI
X-25850,1189,481,5,Food,Burger,COD
X-25643,1699,235,4,Gym,Skipping Rope,Credit Card
X-26100,225,-67,1,Home Decor,Candles,COD
X-25964,1011,308,3,Food,Tacos,EMI
X-25676,796,312,3,Gym,Weight Plates,UPI
X-25628,333,-74,1,Home Decor,Floor Lamps,COD
X-25891,572,128,2,Food,Sushi,Credit Card
X-25903,1299,642,5,Gym,Exercise Bench,EMI
X-25851,397,-82,2,Home Decor,Curtains,UPI
X-26089,917,372,4,Food,Salad,COD
X-25996,1782,674,6,Gym,Treadmill,Credit Card
X-25881,263,-49,1,Home Decor,Throw Blankets,COD
X-25621,697,251,3,Food,Burrito,EMI
X-25727,1337,564,6,Gym,Yoga Mat,UPI
X-25843,374,-86,2,Home Decor,Artificial Plants,COD
X-26050,1002,432,4,Food,Smoothie,Credit Card
X-25741,1693,647,7,Gym,Dumbbells,EMI
X-25756,502,-63,2,Home Decor,Photo Frames,UPI
X-25787,217,94,1,Food,Dessert,COD
X-25603,1094,453,4,Gym,Exercise Ball,Credit Card
X-25655,485,-56,2,Home Decor,Rugs,COD
X-26096,305,-49,1,Food,Salad,COD
X-25962,1734,649,6,Gym,Rowing Machine,EMI
X-26007,262,87,3,Home Decor,Table Lamps,UPI
X-26088,713,-112,2,Food,Sandwich,UPI
X-25673,1207,529,5,Gym,Home Gym Set,Credit Card
X-25664,485,-56,2,Home Decor,Wall Art,COD
X-25642,1100,498,5,Food,BBQ,Credit Card
X-25987,1689,254,3,Gym,Exercise Mat,EMI
X-25903,444,-77,2,Home Decor,Throw Pillows,UPI
X-25770,798,132,3,Food,Burrito,COD
X-25840,1582,374,4,Gym,Punching Bag,Credit Card
X-25846,517,-71,2,Home Decor,Bookends,COD
X-25745,963,387,4,Food,Pancakes,EMI
X-26073,1033,129,3,Gym,Resistance Bands,UPI
X-26030,336,-59,1,Home Decor,Wall Decor,COD
X-25678,651,288,3,Food,Pizza,Credit Card
X-26035,1849,732,7,Gym,Exercise Bike,EMI
X-25896,488,-95,2,Home Decor,Planters,UPI
X-25989,1189,481,5,Food,Burger,COD
X-26016,1699,235,4,Gym,Skipping Rope,Credit Card
X-26009,225,-67,1,Home Decor,Candles,COD
X-25915,1011,308,3,Food,Tacos,EMI
X-25845,796,312,3,Gym,Weight Plates,UPI
X-25645,333,-74,1,Home Decor,Floor Lamps,COD
X-25803,572,128,2,Food,Sushi,Credit Card
X-26030,1299,642,5,Gym,Exercise Bench,EMI
X-25955,397,-82,2,Home Decor,Curtains,UPI
X-26096,917,372,4,Food,Salad,COD
X-25635,1782,674,6,Gym,Treadmill,Credit Card
X-26038,263,-49,1,Home Decor,Throw Blankets,COD
X-25791,697,251,3,Food,Burrito,EMI
X-26014,1337,564,6,Gym,Yoga Mat,UPI
X-25751,374,-86,2,Home Decor,Artificial Plants,COD
X-25962,1002,432,4,Food,Smoothie,Credit Card
X-26025,1693,647,7,Gym,Dumbbells,EMI
X-26048,502,-63,2,Home Decor,Photo Frames,UPI
X-25635,217,94,1,Food,Dessert,COD
X-25981,1094,453,4,Gym,Exercise Ball,Credit Card
X-25610,485,-56,2,Home Decor,Rugs,COD
X-25733,305,-49,1,Food,Salad,COD
X-25977,1734,649,6,Gym,Rowing Machine,EMI
X-25655,262,87,3,Home Decor,Table Lamps,UPI
X-25612,713,-112,2,Food,Sandwich,UPI
X-25608,1207,529,5,Gym,Home Gym Set,Credit Card
X-25752,485,-56,2,Home Decor,Wall Art,COD
X-25700,1100,498,5,Food,BBQ,Credit Card
X-25856,1689,254,3,Gym,Exercise Mat,EMI
X-26026,444,-77,2,Home Decor,Throw Pillows,UPI
X-25861,798,132,3,Food,Burrito,COD
X-25673,1582,374,4,Gym,Punching Bag,Credit Card
X-25681,517,-71,2,Home Decor,Bookends,COD
X-26051,963,387,4,Food,Pancakes,EMI
X-25951,1033,129,3,Gym,Resistance Bands,UPI
X-25799,336,-59,1,Home Decor,Wall Decor,COD
X-26053,651,288,3,Food,Pizza,Credit Card
X-26030,1849,732,7,Gym,Exercise Bike,EMI
X-26054,488,-95,2,Home Decor,Planters,UPI
X-25696,1189,481,5,Food,Burger,COD
X-25660,1699,235,4,Gym,Skipping Rope,Credit Card
X-25858,225,-67,1,Home Decor,Candles,COD
X-26045,1011,308,3,Food,Tacos,EMI
X-25850,796,312,3,Gym,Weight Plates,UPI
X-25781,333,-74,1,Home Decor,Floor Lamps,COD
X-25918,572,128,2,Food,Sushi,Credit Card
X-25971,1299,642,5,Gym,Exercise Bench,EMI
X-25870,397,-82,2,Home Decor,Curtains,UPI
X-25770,917,372,4,Food,Salad,COD
X-25757,1782,674,6,Gym,Treadmill,Credit Card
X-25699,263,-49,1,Home Decor,Throw Blankets,COD
X-25776,697,251,3,Food,Burrito,EMI
X-25893,1337,564,6,Gym,Yoga Mat,UPI
X-25985,374,-86,2,Home Decor,Artificial Plants,COD
X-25681,1002,432,4,Food,Smoothie,Credit Card
X-26063,1693,647,7,Gym,Dumbbells,EMI
X-26032,502,-63,2,Home Decor,Photo Frames,UPI
X-26001,217,94,1,Food,Dessert,COD
X-26056,1094,453,4,Gym,Exercise Ball,Credit Card
X-25850,485,-56,2,Home Decor,Rugs,COD
X-25767,305,-49,1,Food,Salad,COD
X-25693,1734,649,6,Gym,Rowing Machine,EMI
X-25850,262,87,3,Home Decor,Table Lamps,UPI
X-25796,713,-112,2,Food,Sandwich,UPI
X-26053,1207,529,5,Gym,Home Gym Set,Credit Card
X-25650,485,-56,2,Home Decor,Wall Art,COD
X-25961,1100,498,5,Food,BBQ,Credit Card
X-26023,1689,254,3,Gym,Exercise Mat,EMI
X-25809,444,-77,2,Home Decor,Throw Pillows,UPI
X-25621,798,132,3,Food,Burrito,COD
X-25854,1582,374,4,Gym,Punching Bag,Credit Card
X-26057,517,-71,2,Home Decor,Bookends,COD
X-25688,963,387,4,Food,Pancakes,EMI
X-25885,1033,129,3,Gym,Resistance Bands,UPI
X-25753,336,-59,1,Home Decor,Wall Decor,COD
X-25981,651,288,3,Food,Pizza,Credit Card
X-26055,1849,732,7,Gym,Exercise Bike,EMI
X-25714,488,-95,2,Home Decor,Planters,UPI
X-26055,1189,481,5,Food,Burger,COD
X-25989,1699,235,4,Gym,Skipping Rope,Credit Card
X-25710,225,-67,1,Home Decor,Candles,COD
X-25773,1011,308,3,Food,Tacos,EMI
X-25661,796,312,3,Gym,Weight Plates,UPI
X-26021,333,-74,1,Home Decor,Floor Lamps,COD
X-26057,572,128,2,Food,Sushi,Credit Card
X-25858,1299,642,5,Gym,Exercise Bench,EMI
X-25857,397,-82,2,Home Decor,Curtains,UPI
X-25656,917,372,4,Food,Salad,COD
X-25999,1782,674,6,Gym,Treadmill,Credit Card
X-25856,263,-49,1,Home Decor,Throw Blankets,COD
X-25926,697,251,3,Food,Burrito,EMI
X-25728,1337,564,6,Gym,Yoga Mat,UPI
X-26076,374,-86,2,Home Decor,Artificial Plants,COD
X-25913,1002,432,4,Food,Smoothie,Credit Card
X-25703,1693,647,7,Gym,Dumbbells,EMI
X-25858,502,-63,2,Home Decor,Photo Frames,UPI
X-25727,217,94,1,Food,Dessert,COD
X-26020,1094,453,4,Gym,Exercise Ball,Credit Card
X-26003,485,-56,2,Home Decor,Rugs,COD
X-25925,305,-49,1,Food,Salad,COD
X-26087,1734,649,6,Gym,Rowing Machine,EMI
X-25810,262,87,3,Home Decor,Table Lamps,UPI
X-25858,713,-112,2,Food,Sandwich,UPI
X-25861,1207,529,5,Gym,Home Gym Set,Credit Card
X-25661,485,-56,2,Home Decor,Wall Art,COD
X-25943,Amount,Profit,Quantity,Category,Sub-Category,PaymentMode
X-25955,2031,254,5,Food,Meat,EMI
X-26051,1945,408,7,Gym,Yoga Mat,COD
X-25999,3863,972,9,Home Decor,Rugs,EMI
X-26083,239,37,8,Books,Non-Fiction,EMI
X-25950,1506,604,10,Office Supplies,Pens,EMI
X-25625,1849,642,9,Electronics,Headphones,Credit Card
X-26055,2935,1398,5,Food,Seafood,COD
X-26023,259,32,6,Gym,Exercise Bands,COD
X-26010,379,84,2,Home Decor,Wall Art,EMI
X-25955,2001,521,7,Books,Mystery,COD
X-25900,2116,843,10,Office Supplies,Labels,EMI
X-26089,366,92,4,Electronics,Batteries,Credit Card
X-25655,1451,498,8,Food,Dairy,COD
X-25979,2733,1091,10,Gym,Weights,COD
X-26002,421,74,5,Home Decor,Lighting,EMI
X-25635,1551,457,10,Books,Science Fiction,COD
X-26084,1868,799,10,Office Supplies,Scissors,EMI
X-25998,2316,1102,9,Electronics,Smart Home Devices,Credit Card
X-25872,1382,585,3,Food,Beverages,COD
X-25795,3948,1056,9,Gym,Exercise Machines,COD
X-25902,450,78,3,Home Decor,Decorative Pillows,EMI
X-25650,265,34,6,Books,Children's Books,EMI
X-25957,1283,534,8,Office Supplies,Notebooks,EMI
X-25793,1727,633,9,Electronics,Tablets,Credit Card
X-25654,1778,737,7,Food,Fruits,COD
X-25750,3475,1182,8,Gym,Cardio Equipment,COD
X-25835,389,72,1,Home Decor,Home Fragrance,EMI
X-25652,245,40,3,Books,History,COD
X-26018,1832,729,7,Office Supplies,Binders,EMI
X-25750,292,38,5,Electronics,Accessories,Credit Card
X-25840,1653,678,9,Food,Bakery,COD
X-25756,2104,946,4,Gym,Exercise Bikes,COD
X-25777,334,56,2,Home Decor,Curtains,EMI
X-25750,1499,472,9,Books,Art,COD
X-25823,1574,605,8,Office Supplies,Desk Organizers,EMI
X-26096,2799,1136,7,Electronics,Cameras,Credit Card
X-25757,1197,394,2,Food,Snacks,COD
X-25698,4236,1345,10,Gym,Gym Machines,COD
X-25710,416,67,2,Home Decor,Clocks,EMI
X-25994,244,33,5,Books,Literature,EMI
X-25950,1395,569,8,Office Supplies,Staplers,EMI
X-25653,1987,826,7,Electronics,Wearable Technology,Credit Card
X-25785,1526,612,5,Food,Condiments,COD
X-25863,3624,1228,9,Gym,Exercise Mats,COD
X-25959,384,71,3,Home Decor,Throws,EMI
X-25991,176,28,3,Books,Poetry,COD
X-25680,1724,728,8,Office Supplies,Calculators,EMI
X-25910,2975,1201,7,Electronics,Monitors,Credit Card
X-25737,1295,538,4,Food,Canned Goods,COD
X-25853,3274,1093,9,Gym,Rowing Machines,COD
X-26097,341,60,2,Home Decor,Vases,EMI
X-25875,268,36,5,Books,Biography,COD
X-26031,1076,439,7,Office Supplies,Markers,EMI
X-25773,2298,1012,6,Electronics,Printers,Credit Card
X-25840,1665,693,3,Food,Meat,COD
X-25908,3104,1209,9,Gym,Treadmills,COD
X-26041,361,65,3,Home Decor,Wall Decor,EMI
X-26010,231,31,5,Books,Travel,COD
X-25640,1403,573,8,Office Supplies,Paper,EMI
X-25794,2491,989,7,Electronics,Speakers,Credit Card
X-25987,1376,557,4,Food,Seafood,COD
X-25615,3298,1167,8,Gym,Exercise Benches,COD
X-25997,316,54,2,Home Decor,Mirrors,EMI
X-25981,139,21,3,Books,Self-Help,COD
X-25791,1783,762,8,Office Supplies,Folders,EMI
X-25986,2722,1053,6,Electronics,Smart Home Devices,Credit Card
X-25652,1446,604,5,Food,Dairy,COD
X-25952,2467,1035,9,Gym,Exercise Bands,COD
X-25898,443,77,4,Home Decor,Lighting,EMI
X-25785,180,29,6,Books,Philosophy,COD
X-25990,1362,582,8,Office Supplies,Scissors,EMI
X-26091,2307,1001,7,Electronics,Headphones,Credit Card
X-25604,1235,520,4,Food,Beverages,COD
X-25754,3691,1254,9,Gym,Exercise Machines,COD
X-25724,395,79,2,Home Decor,Decorative Pillows,EMI
X-25757,245,36,5,Books,Art,COD
X-25767,1512,640,8,Office Supplies,Notebooks,EMI
X-25886,2194,954,6,Electronics,Batteries,Credit Card
X-25621,1408,588,3,Food,Fruits,COD
X-25967,3357,1145,8,Gym,Cardio Equipment,COD
X-25691,438,76,3,Home Decor,Home Fragrance,EMI
X-25953,219,30,3,Books,History,COD
X-25651,1674,701,8,Office Supplies,Binders,EMI
X-25828,258,35,5,Electronics,Accessories,Credit Card
X-25628,1593,655,5,Food,Bakery,COD
X-25703,2025,863,4,Gym,Exercise Bikes,COD
X-25929,381,70,2,Home Decor,Curtains,EMI
X-25748,1783,755,9,Books,Science Fiction,COD
X-25610,1756,743,8,Office Supplies,Desk Organizers,EMI
X-25903,2999,1187,7,Electronics,Cameras,Credit Card
X-25878,1284,517,2,Food,Snacks,COD
X-26056,4278,1376,10,Gym,Gym Machines,COD
X-26004,430,73,2,Home Decor,Clocks,EMI
X-25699,252,32,5,Books,Literature,EMI
X-26053,1346,551,8,Office Supplies,Staplers,EMI
X-25654,1892,805,7,Electronics,Wearable Technology,Credit Card
X-25954,1465,628,5,Food,Condiments,COD
X-25910,3597,1204,9,Gym,Exercise Mats,COD
X-26064,362,63,3,Home Decor,Throws,EMI
X-25983,188,27,3,Books,Poetry,COD
X-26002,1825,790,8,Office Supplies,Calculators,EMI
X-25650,3113,1232,7,Electronics,Monitors,Credit Card
X-26043,1304,542,4,Food,Canned Goods,COD
X-25657,3365,1129,9,Gym,Rowing Machines,COD
X-25838,365,67,2,Home Decor,Vases,EMI
X-25651,258,34,5,Books,Biography,COD
X-25808,1045,416,7,Office Supplies,Markers,EMI
X-25973,2228,1003,6,Electronics,Printers,Credit Card
X-25698,1725,711,3,Food,Meat,COD
X-25818,3223,1278,9,Gym,Treadmills,COD
X-26061,390,75,3,Home Decor,Wall Decor,EMI
X-25878,258,31,5,Books,Travel,COD
X-26054,1352,559,8,Office Supplies,Paper,EMI
X-25809,2394,968,7,Electronics,Speakers,Credit Card
X-26042,1336,545,4,Food,Seafood,COD
X-26008,3387,1136,8,Gym,Exercise Benches,COD
X-25927,326,57,2,Home Decor,Mirrors,EMI
X-26008,146,22,3,Books,Self-Help,COD
X-25753,1873,785,8,Office Supplies,Folders,EMI
X-25948,2794,1097,6,Electronics,Smart Home Devices,Credit Card
X-26094,1405,585,5,Food,Dairy,COD
X-25654,2463,1042,9,Gym,Exercise Bands,COD
X-25854,465,81,4,Home Decor,Lighting,EMI
X-25623,179,28,6,Books,Philosophy,COD
X-25985,1765,739,8,Office Supplies,Scissors,EMI
X-25723,2354,1012,7,Electronics,Headphones,Credit Card
X-25751,1185,510,4,Food,Beverages,COD
X-26050,3722,1259,9,Gym,Exercise Machines,COD
X-25800,398,80,2,Home Decor,Decorative Pillows,EMI
X-25673,223,32,5,Books,Art,COD
X-26002,1582,652,8,Office Supplies,Notebooks,EMI
X-26009,2295,1004,6,Electronics,Batteries,Credit Card
X-25754,1421,597,3,Food,Fruits,COD
X-25953,3198,1178,8,Gym,Cardio Equipment,COD
X-26039,464,75,3,Home Decor,Home Fragrance,EMI
X-26001,226,29,3,Books,History,COD
X-25620,1732,716,8,Office Supplies,Binders,EMI
X-26051,267,33,5,Electronics,Accessories,Credit Card
X-25673,1635,688,5,Food,Bakery,COD
X-25721,2177,911,4,Gym,Exercise Bikes,COD
X-25764,398,68,2,Home Decor,Curtains,EMI
X-25645,1875,807,9,Books,Science Fiction,COD
X-26066,1836,781,8,Office Supplies,Desk Organizers,EMI
X-26003,3055,1205,7,Electronics,Cameras,Credit Card
X-25712,1228,524,2,Food,Snacks,COD
X-25796,4136,1342,10,Gym,Gym Machines,COD
X-25738,422,74,2,Home Decor,Clocks,EMI
X-25771,265,34,5,Books,Literature,EMI
X-25950,1374,563,8,Office Supplies,Staplers,EMI
X-26038,1932,816,7,Electronics,Wearable Technology,Credit Card
X-26004,1495,612,5,Food,Condiments,COD
X-25896,3675,1189,9,Gym,Exercise Mats,COD
X-25601,387,70,3,Home Decor,Throws,EMI
X-25952,188,27,3,Books,Poetry,COD
X-25873,1775,740,8,Office Supplies,Calculators,EMI
X-25844,3095,1223,7,Electronics,Monitors,Credit Card
X-26054,1256,537,4,Food,Canned Goods,COD
X-25953,3395,1128,9,Gym,Rowing Machines,COD
X-25951,398,68,2,Home Decor,Vases,EMI
X-26065,256,33,5,Books,Biography,COD
X-26033,1023,408,7,Office Supplies,Markers,EMI
X-25781,2178,999,6,Electronics,Printers,Credit Card
X-26043,1685,698,3,Food,Meat,COD
X-25787,3321,1294,9,Gym,Treadmills,COD
X-25664,377,71,3,Home Decor,Wall Decor,EMI
X-25825,254,32,5,Books,Travel,COD
X-25818,1342,550,8,Office Supplies,Paper,EMI
X-25765,2384,978,7,Electronics,Speakers,Credit Card
X-25853,1316,525,4,Food,Seafood,COD
X-26030,3197,1097,8,Gym,Exercise Benches,COD
X-25730,306,54,2,Home Decor,Mirrors,EMI
X-26054,126,21,3,Books,Self-Help,COD
X-25773,1816,764,8,Office Supplies,Folders,EMI
X-25717,2753,1086,6,Electronics,Smart Home Devices,Credit Card
X-26010,1425,593,5,Food,Dairy,COD
X-25893,2467,1042,9,Gym,Exercise Bands,COD
X-26076,481,82,4,Home Decor,Lighting,EMI
X-25803,172,29,6,Books,Philosophy,COD
X-25709,1753,718,8,Office Supplies,Scissors,EMI
X-25755,2315,1011,7,Electronics,Headphones,Credit Card
X-25684,1198,516,4,Food,Beverages,COD
X-25739,3771,1245,9,Gym,Exercise Machines,COD
X-26081,410,76,2,Home Decor,Decorative Pillows,EMI
X-25662,223,32,5,Books,Art,COD
X-25845,1596,652,8,Office Supplies,Notebooks,EMI
X-26085,2325,1004,6,Electronics,Batteries,Credit Card
X-25745,1412,591,3,Food,Fruits,COD
X-25999,3256,1112,8,Gym,Cardio Equipment,COD
X-26082,440,76,3,Home Decor,Home Fragrance,EMI
X-26097,245,34,5,Books,History,COD
X-25731,1522,636,8,Office Supplies,Binders,EMI
X-25625,277,34,5,Electronics,Accessories,Credit Card
X-25853,1635,688,5,Food,Bakery,COD
X-25703,2167,909,4,Gym,Exercise Bikes,COD
X-26003,398,68,2,Home Decor,Curtains,EMI
X-25803,1825,790,8,Books,Science Fiction,COD
X-25719,1896,808,8,Office Supplies,Desk Organizers,EMI
X-25883,3053,1195,7,Electronics,Cameras,Credit Card
X-25891,1228,524,2,Food,Snacks,COD
X-25821,4236,1376,10,Gym,Gym Machines,COD
X-25646,462,74,2,Home Decor,Clocks,EMI
X-25874,265,34,5,Books,Literature,EMI
X-25717,1374,563,8,Office Supplies,Staplers,EMI
X-26073,1913,802,7,Electronics,Wearable Technology,Credit Card
X-25800,1495,612,5,Food,Condiments,COD
X-25991,3685,1185,9,Gym,Exercise Mats,COD
X-25638,397,73,3,Home Decor,Throws,EMI
X-26021,178,26,3,Books,Poetry,COD
X-25882,1795,748,8,Office Supplies,Calculators,EMI
X-26053,3085,1221,7,Electronics,Monitors,Credit Card
X-25951,1265,540,4,Food,Canned Goods,COD
X-25757,3335,1125,9,Gym,Rowing Machines,COD
X-25777,395,68,2,Home Decor,Vases,EMI
X-26040,256,33,5,Books,Biography,COD
X-25696,1065,422,7,Office Supplies,Markers,EMI
X-25977,2178,999,6,Electronics,Printers,Credit Card
X-25743,1725,711,3,Food,Meat,COD
X-25651,3273,1291,9,Gym,Treadmills,COD
X-25603,394,74,3,Home Decor,Wall Decor,EMI
X-25696,252,32,5,Books,Travel,COD
X-26037,1362,557,8,Office Supplies,Paper,EMI
X-26098,2384,978,7,Electronics,Speakers,Credit Card
X-25697,1296,526,4,Food,Seafood,COD
X-25920,3197,1097,8,Gym,Exercise Benches,COD
X-25993,306,54,2,Home Decor,Mirrors,EMI
X-26089,126,21,3,Books,Self-Help,COD
X-25960,1815,765,8,Office Supplies,Folders,EMI
X-25917,2725,1081,6,Electronics,Smart Home Devices,Credit Card
X-25825,1425,593,5,Food,Dairy,COD
X-25696,2465,1042,9,Gym,Exercise Bands,COD
X-25972,482,82,4,Home Decor,Lighting,EMI
X-25602,176,28,6,Books,Philosophy,COD
X-25736,1752,717,8,Office Supplies,Scissors,EMI
X-26003,2315,1011,7,Electronics,Headphones,Credit Card
X-25970,1185,510,4,Food,Beverages,COD
X-25742,3775,1249,9,Gym,Exercise Machines,COD
X-25770,416,76,2,Home Decor,Decorative Pillows,EMI
X-26098,223,32,5,Books,Art,COD
X-26050,1583,652,8,Office Supplies,Notebooks,EMI
X-25778,2315,1011,7,Electronics,Batteries,Credit Card
X-25652,1412,591,3,Food,Fruits,COD
X-25999,3266,1112,8,Gym,Cardio Equipment,COD
X-25909,442,77,3,Home Decor,Home Fragrance,EMI
X-25823,245,34,5,Books,History,COD
X-25701,1523,636,8,Office Supplies,Binders,EMI
X-25855,277,34,5,Electronics,Accessories,Credit Card
X-25654,1635,688,5,Food,Bakery,COD
X-25623,2167,909,4,Gym,Exercise Bikes,COD
X-25641,398,68,2,Home Decor,Curtains,EMI
X-25852,1825,790,8,Books,Science Fiction,COD
X-25958,1897,808,8,Office Supplies,Desk Organizers,EMI
X-25802,3053,1195,7,Electronics,Cameras,Credit Card
X-25823,1228,524,2,Food,Snacks,COD
X-25834,4237,1376,10,Gym,Gym Machines,COD
X-25678,462,74,2,Home Decor,Clocks,EMI
X-25774,265,34,5,Books,Literature,EMI
X-25904,1375,563,8,Office Supplies,Staplers,EMI
X-25896,1913,802,7,Electronics,Wearable Technology,Credit Card
X-25796,1496,612,5,Food,Condiments,COD
X-25934,3685,1185,9,Gym,Exercise Mats,COD
X-25750,397,73,3,Home Decor,Throws,EMI
X-25761,178,26,3,Books,Poetry,COD
X-25912,1795,748,8,Office Supplies,Calculators,EMI
X-25751,3085,1221,7,Electronics,Monitors,Credit Card
X-25656,1265,540,4,Food,Canned Goods,COD
X-25647,3335,1125,9,Gym,Rowing Machines,COD
X-25861,395,68,2,Home Decor,Vases,EMI
X-25802,256,33,5,Books,Biography,COD
X-25901,1065,422,7,Office Supplies,Markers,EMI
X-25623,2178,999,6,Electronics,Printers,Credit Card
X-25751,1725,711,3,Food,Meat,COD
X-26052,3273,1291,9,Gym,Treadmills,COD
X-25886,394,74,3,Home Decor,Wall Decor,EMI
X-25804,252,32,5,Books,Travel,COD
X-25734,1362,557,8,Office Supplies,Paper,EMI
X-25610,2384,978,7,Electronics,Speakers,Credit Card
X-25711,1296,526,4,Food,Seafood,COD
X-25985,3197,1097,8,Gym,Exercise Benches,COD
X-25864,306,54,2,Home Decor,Mirrors,EMI
X-25648,126,21,3,Books,Self-Help,COD
X-26086,1815,765,8,Office Supplies,Folders,EMI
X-25835,2725,1081,6,Electronics,Smart Home Devices,Credit Card
X-25949,1425,593,5,Food,Dairy,COD
X-25930,2465,1042,9,Gym,Exercise Bands,COD
X-25655,482,82,4,Home Decor,Lighting,EMI
X-25757,176,28,6,Books,Philosophy,COD
X-25655,1752,717,8,Office Supplies,Scissors,EMI
X-26033,2315,1011,7,Electronics,Headphones,Credit Card
X-26083,1185,510,4,Food,Beverages,COD
X-25805,3775,1249,9,Gym,Exercise Machines,COD
X-25955,416,76,2,Home Decor,Decorative Pillows,EMI
X-25762,223,32,5,Books,Art,COD
X-25919,1583,652,8,Office Supplies,Notebooks,EMI
X-25853,2315,1011,7,Electronics,Batteries,Credit Card
X-25925,1412,591,3,Food,Fruits,COD
X-26023,3266,1112,8,Gym,Cardio Equipment,COD
X-26055,442,77,3,Home Decor,Home Fragrance,EMI
X-25653,245,34,5,Books,History,COD
X-25893,1523,636,8,Office Supplies,Binders,EMI
X-26052,277,34,5,Electronics,Accessories,Credit Card
X-25830,1635,688,5,Food,Bakery,COD
X-26040,2167,909,4,Gym,Exercise Bikes,COD
X-25981,398,68,2,Home Decor,Curtains,EMI
X-25954,1825,790,8,Books,Science Fiction,COD
X-25889,1897,808,8,Office Supplies,Desk Organizers,EMI
X-25810,3053,1195,7,Electronics,Cameras,Credit Card
X-25637,1228,524,2,Food,Snacks,COD
X-25801,4237,1376,10,Gym,Gym Machines,COD
X-25783,462,74,2,Home Decor,Clocks,EMI
X-25697,265,34,5,Books,Literature,EMI
X-26028,1375,563,8,Office Supplies,Staplers,EMI
X-25851,1913,802,7,Electronics,Wearable Technology,Credit Card
X-25938,1496,612,5,Food,Condiments,COD
X-25820,3685,1185,9,Gym,Exercise Mats,COD
X-25850,397,73,3,Home Decor,Throws,EMI
X-25924,178,26,3,Books,Poetry,COD
X-25609,Amount,Profit,Quantity,Category,Sub-Category,PaymentMode
X-25898,218,28,5,Food,Seafood,COD
X-25814,541,73,7,Furniture,Tables,EMI
X-26087,104,12,3,Food,Fruits,Credit Card
X-25901,397,45,6,Gym,Treadmills,Credit Card
X-26025,805,159,9,Home Decor,Curtains,UPI
X-25631,625,128,7,Food,Dairy Products,COD
X-25954,334,61,4,Office Supplies,Pens,COD
X-25956,718,145,8,Gym,Weights,EMI
X-26096,926,216,10,Home Decor,Wall Art,COD
X-25862,236,27,3,Food,Beverages,EMI
X-26054,469,83,5,Home Decor,Lamps,COD
X-25698,113,14,2,Office Supplies,Notebooks,Credit Card
X-25606,648,128,6,Gym,Exercise Bikes,EMI
X-25928,509,72,7,Home Decor,Rugs,COD
X-26005,392,66,5,Food,Snacks,COD
X-25963,171,28,3,Office Supplies,Staplers,UPI
X-25952,285,49,4,Home Decor,Decorative Pillows,COD
X-25683,573,112,6,Gym,Yoga Mats,COD
X-25914,862,197,9,Home Decor,Clocks,EMI
X-25828,418,81,5,Food,Canned Goods,EMI
X-25743,194,39,3,Office Supplies,File Folders,Credit Card
X-26085,754,145,8,Home Decor,Mirrors,COD
X-25869,363,56,4,Food,Bakery,UPI
X-25773,295,52,4,Office Supplies,Desk Organizers,COD
X-25700,659,126,7,Gym,Gym Bags,COD
X-25921,874,183,9,Home Decor,Throws,EMI
X-25730,422,77,5,Food,Produce,COD
X-26083,132,23,2,Office Supplies,Binders,Credit Card
X-25849,581,115,6,Gym,Resistance Bands,EMI
X-25909,963,224,10,Home Decor,Planters,COD
X-26038,195,38,3,Food,Condiments,EMI
X-25999,689,132,7,Office Supplies,Scissors,COD
X-25928,324,47,4,Gym,Exercise Mats,UPI
X-25878,539,102,6,Home Decor,Candles,COD
X-25843,281,54,4,Food,Meat,COD
X-25959,167,29,3,Office Supplies,Tape,Credit Card
X-25630,717,140,8,Home Decor,Vases,EMI
X-25858,416,77,5,Food,Frozen Foods,COD
X-26096,121,19,2,Office Supplies,Markers,UPI
X-25838,628,120,7,Gym,Jump Ropes,COD
X-25943,955,218,10,Home Decor,Pillows,EMI
X-25780,429,82,5,Food,Grains,COD
X-25949,109,17,2,Office Supplies,Highlighters,Credit Card
X-25892,584,110,6,Gym,Hand Grips,EMI
X-26054,906,209,9,Home Decor,Statues,COD
X-25988,289,50,4,Food,Sauces,COD
X-25939,136,26,3,Office Supplies,Note Pads,Credit Card
X-26083,735,139,8,Home Decor,Photo Frames,EMI
X-26078,347,64,5,Food,Snacks,UPI
X-25902,198,34,3,Office Supplies,Calculators,COD
X-25676,683,131,7,Gym,Exercise Bands,COD
X-26016,308,59,4,Home Decor,Shelves,COD
X-25950,572,108,6,Food,Desserts,EMI
X-26056,114,18,2,Office Supplies,Glue Sticks,Credit Card
X-25645,616,118,7,Gym,Exercise Balls,COD
X-25906,948,214,10,Home Decor,Frames,EMI
X-26017,413,74,5,Food,Seafood,COD
X-25644,123,20,2,Office Supplies,Scotch Tape,Credit Card
X-25679,693,135,7,Gym,Weightlifting Belts,COD
X-25854,354,67,5,Home Decor,Cushions,COD
X-25670,185,31,3,Food,Nuts,COD
X-25792,842,193,9,Office Supplies,Desk Chairs,EMI
X-25808,239,41,4,Gym,Exercise Gloves,COD
X-25750,498,89,6,Home Decor,Curtains,EMI
X-26051,173,30,3,Food,Organic Foods,COD
X-26076,745,142,8,Office Supplies,Desk Lamps,EMI
X-25946,371,69,5,Gym,Water Bottles,COD
X-25648,210,35,3,Home Decor,Wall Decor,COD
X-25992,804,155,9,Food,Dairy Products,EMI
X-25848,275,48,4,Office Supplies,Printer Paper,COD
X-25697,589,112,6,Gym,Exercise Mats,COD
X-25659,137,25,3,Home Decor,Artificial Plants,COD
X-25716,629,121,7,Food,Beverages,COD
X-25652,109,16,2,Office Supplies,Binders,Credit Card
X-26093,711,134,8,Gym,Resistance Bands,EMI
X-25725,324,60,5,Home Decor,Lamps,COD
X-25661,597,114,6,Food,Snacks,EMI
X-25693,124,21,2,Office Supplies,File Folders,Credit Card
X-25910,698,133,7,Gym,Gym Bags,COD
X-25943,352,66,5,Home Decor,Rugs,COD
X-26100,194,33,3,Food,Canned Goods,COD
X-25830,865,197,9,Office Supplies,Staplers,EMI
X-25932,227,40,4,Gym,Exercise Bikes,COD
X-25929,479,87,6,Home Decor,Throws,EMI
X-25708,162,27,3,Food,Bakery,COD
X-25921,795,154,8,Office Supplies,Notebooks,EMI
X-25755,313,58,5,Gym,Yoga Mats,COD
X-25640,568,107,6,Home Decor,Clocks,COD
X-25838,128,22,2,Food,Produce,Credit Card
X-26025,713,136,8,Office Supplies,Scissors,EMI
X-25789,339,63,5,Gym,Exercise Mats,COD
X-25697,216,36,3,Home Decor,Candles,COD
X-25797,861,196,9,Food,Meat,EMI
X-26064,248,43,4,Office Supplies,Binders,COD
X-25732,574,109,6,Gym,Gym Bags,EMI
X-25654,104,15,2,Home Decor,Throws,Credit Card
X-25750,681,130,7,Food,Condiments,COD
X-25751,302,56,5,Office Supplies,Desk Organizers,COD
X-25889,655,126,7,Gym,Weights,EMI
X-25683,138,24,3,Home Decor,Wall Art,COD
X-25602,798,151,8,Food,Seafood,EMI
X-25871,346,65,5,Office Supplies,Pens,COD
X-25953,198,32,3,Gym,Treadmills,COD
X-25950,937,212,10,Home Decor,Wall Art,EMI
X-26091,442,79,5,Food,Fruits,COD
X-25753,153,26,3,Office Supplies,Markers,Credit Card
X-25611,722,138,8,Gym,Exercise Bands,EMI
X-25935,383,72,5,Home Decor,Decorative Pillows,COD
X-25886,185,32,3,Food,Dairy Products,COD
X-25833,832,191,9,Office Supplies,File Folders,EMI
X-25665,295,53,4,Gym,Exercise Gloves,COD
X-25694,509,93,6,Home Decor,Planters,EMI
X-25668,167,31,3,Food,Canned Goods,COD
X-25945,759,145,8,Office Supplies,Desk Chairs,EMI
X-25954,374,70,5,Gym,Water Bottles,COD
X-25818,220,38,4,Home Decor,Wall Decor,COD
X-25861,604,115,6,Food,Beverages,EMI
X-25721,119,20,2,Office Supplies,Glue Sticks,Credit Card
X-26024,673,128,7,Gym,Jump Ropes,COD
X-26056,336,61,5,Home Decor,Frames,COD
X-26050,197,34,3,Food,Snacks,COD
X-25708,814,157,9,Office Supplies,Desk Lamps,EMI
X-25651,289,52,4,Gym,Exercise Mats,COD
X-25616,568,108,6,Home Decor,Shelves,COD
X-25827,126,23,2,Food,Desserts,Credit Card
X-25996,721,135,8,Office Supplies,Tape,EMI
X-25830,347,64,5,Gym,Hand Grips,COD
X-25951,184,31,3,Home Decor,Artificial Plants,COD
X-25713,853,195,9,Food,Organic Foods,EMI
X-25678,232,41,4,Office Supplies,Printer Paper,COD
X-25901,478,86,6,Gym,Exercise Balls,EMI
X-25798,173,29,3,Home Decor,Curtains,COD
X-25902,145,25,2,Food,Nuts,Credit Card
X-25851,798,152,8,Office Supplies,Desk Chairs,EMI
X-25944,339,62,5,Gym,Exercise Gloves,COD
X-25939,196,33,3,Home Decor,Curtains,COD
X-25656,615,117,7,Food,Seafood,EMI
X-25695,102,18,2,Office Supplies,Markers,Credit Card
X-25781,693,134,7,Gym,Resistance Bands,COD
X-25783,361,68,5,Home Decor,Decorative Pillows,COD
X-25867,212,37,4,Food,Beverages,COD
X-25993,849,194,9,Office Supplies,File Folders,EMI
X-25755,246,44,4,Gym,Exercise Bikes,COD
X-25880,569,110,6,Home Decor,Lamps,COD
X-25941,129,22,2,Food,Snacks,Credit Card
X-25757,781,149,8,Office Supplies,Pens,EMI
X-25754,331,60,5,Gym,Yoga Mats,COD
X-25653,199,34,3,Home Decor,Wall Art,COD
X-25821,664,127,7,Food,Dairy Products,EMI
X-25706,128,22,2,Office Supplies,Binders,Credit Card
X-26064,732,139,8,Gym,Weights,EMI
X-25803,356,66,5,Home Decor,Planters,COD
X-26076,192,33,3,Food,Condiments,COD
X-25603,875,200,9,Office Supplies,Desk Organizers,EMI
X-25903,235,42,4,Gym,Gym Bags,COD
X-25938,493,89,6,Home Decor,Curtains,EMI
X-25868,179,31,3,Food,Produce,COD
X-25956,735,140,8,Office Supplies,Note Pads,EMI
X-25652,347,64,5,Gym,Exercise Mats,COD
X-25883,207,35,3,Home Decor,Candles,COD
X-26096,862,197,9,Food,Meat,EMI
X-25969,283,49,4,Office Supplies,Binders,COD
X-25951,576,110,6,Gym,Gym Bags,EMI
X-25855,107,16,2,Home Decor,Throws,Credit Card
X-26091,681,129,7,Food,Seafood,COD
X-25954,302,57,5,Office Supplies,Scissors,COD
X-25763,646,124,7,Gym,Exercise Bands,COD
X-25945,313,59,4,Home Decor,Decorative Pillows,COD
X-25740,184,31,3,Food,Canned Goods,COD
X-25818,815,156,9,Office Supplies,Staplers,EMI
X-25603,289,52,4,Gym,Exercise Gloves,COD
X-25964,568,108,6,Home Decor,Planters,COD
X-25930,126,22,2,Food,Snacks,Credit Card
X-25930,719,137,8,Office Supplies,Desk Chairs,EMI
X-25879,349,65,5,Gym,Water Bottles,COD
X-25903,218,36,3,Home Decor,Wall Decor,COD
X-25614,604,116,6,Food,Beverages,EMI
X-25750,119,19,2,Office Supplies,Glue Sticks,Credit Card
X-25852,679,131,7,Gym,Jump Ropes,COD
X-26008,336,61,5,Home Decor,Frames,COD
X-26092,197,33,3,Food,Desserts,COD
X-25689,814,156,9,Office Supplies,Desk Lamps,EMI
X-25730,289,52,4,Gym,Exercise Mats,COD
X-25885,568,108,6,Home Decor,Shelves,COD
X-25999,126,22,2,Food,Organic Foods,Credit Card
X-26011,721,137,8,Office Supplies,Tape,EMI
X-25754,347,64,5,Gym,Hand Grips,COD
X-26030,184,31,3,Home Decor,Artificial Plants,COD
X-25851,853,195,9,Food,Bakery,EMI
X-25870,232,41,4,Office Supplies,Printer Paper,COD
X-26074,478,86,6,Gym,Exercise Balls,EMI
X-25861,173,29,3,Home Decor,Curtains,COD
X-25797,145,25,2,Food,Nuts,Credit Card
X-25993,798,152,8,Office Supplies,Desk Chairs,EMI
X-25799,339,62,5,Gym,Exercise Gloves,COD
X-25721,196,33,3,Home Decor,Decorative Pillows,COD
X-26056,615,117,7,Food,Seafood,EMI
X-25743,102,18,2,Office Supplies,Markers,Credit Card
X-25854,693,134,7,Gym,Resistance Bands,COD
X-25748,361,68,5,Home Decor,Candles,COD
X-25976,212,37,4,Food,Beverages,COD
X-25953,849,194,9,Office Supplies,File Folders,EMI
X-25996,246,44,4,Gym,Exercise Bikes,COD
X-25717,569,110,6,Home Decor,Lamps,COD
X-25865,129,22,2,Food,Snacks,Credit Card
X-25959,781,149,8,Office Supplies,Pens,EMI
X-25855,331,60,5,Gym,Yoga Mats,COD
X-25703,199,34,3,Home Decor,Wall Art,COD
X-26049,664,127,7,Food,Dairy Products,EMI
X-25755,128,22,2,Office Supplies,Binders,Credit Card
X-26070,732,139,8,Gym,Weights,EMI
X-25755,356,66,5,Home Decor,Planters,COD
X-26047,192,33,3,Food,Condiments,COD
X-25604,875,200,9,Office Supplies,Desk Organizers,EMI
X-25651,235,42,4,Gym,Gym Bags,COD
X-25983,493,89,6,Home Decor,Curtains,EMI
X-26056,179,31,3,Food,Produce,COD
X-25940,735,140,8,Office Supplies,Note Pads,EMI
X-25766,347,64,5,Gym,Exercise Mats,COD
X-25935,207,35,3,Home Decor,Candles,COD
X-25970,862,197,9,Food,Meat,EMI
X-26053,283,49,4,Office Supplies,Binders,COD
X-25947,576,110,6,Gym,Gym Bags,EMI
X-25856,107,16,2,Home Decor,Throws,Credit Card
X-26030,681,129,7,Food,Seafood,COD
X-26069,302,57,5,Office Supplies,Scissors,COD
X-25653,646,124,7,Gym,Exercise Bands,COD
X-25627,313,59,4,Home Decor,Decorative Pillows,COD
X-25947,184,31,3,Food,Canned Goods,COD
X-25801,815,156,9,Office Supplies,Staplers,EMI
X-25964,289,52,4,Gym,Exercise Gloves,COD
X-25950,568,108,6,Home Decor,Planters,COD
X-25878,126,22,2,Food,Snacks,Credit Card
X-25773,719,137,8,Office Supplies,Desk Chairs,EMI
X-26081,349,65,5,Gym,Water Bottles,COD
X-26027,218,36,3,Home Decor,Wall Decor,COD
X-25967,604,116,6,Food,Beverages,EMI
X-25901,119,19,2,Office Supplies,Glue Sticks,Credit Card
X-25951,679,131,7,Gym,Jump Ropes,COD
X-25853,336,61,5,Home Decor,Frames,COD
X-25923,197,33,3,Food,Desserts,COD
X-25793,814,156,9,Office Supplies,Desk Lamps,EMI
X-26068,289,52,4,Gym,Exercise Mats,COD
X-26080,568,108,6,Home Decor,Shelves,COD
X-25843,126,22,2,Food,Organic Foods,Credit Card
X-26002,721,137,8,Office Supplies,Tape,EMI
X-25993,347,64,5,Gym,Hand Grips,COD
X-26070,184,31,3,Home Decor,Artificial Plants,COD
X-25887,853,195,9,Food,Bakery,EMI
X-25654,232,41,4,Office Supplies,Printer Paper,COD
X-25898,478,86,6,Gym,Exercise Balls,EMI
X-25664,173,29,3,Home Decor,Curtains,COD
X-26012,145,25,2,Food,Nuts,Credit Card
X-25979,798,152,8,Office Supplies,Desk Chairs,EMI
X-26054,339,62,5,Gym,Exercise Gloves,COD
X-25757,196,33,3,Home Decor,Decorative Pillows,COD
X-25623,615,117,7,Food,Seafood,EMI
X-25824,102,18,2,Office Supplies,Markers,Credit Card
X-25754,693,134,7,Gym,Resistance Bands,COD
X-25693,361,68,5,Home Decor,Candles,COD
X-25638,212,37,4,Food,Beverages,COD
X-25922,849,194,9,Office Supplies,File Folders,EMI
X-25919,246,44,4,Gym,Exercise Bikes,COD
X-25989,569,110,6,Home Decor,Lamps,COD
X-25999,129,22,2,Food,Snacks,Credit Card
X-25661,781,149,8,Office Supplies,Pens,EMI
X-26099,331,60,5,Gym,Yoga Mats,COD
X-25866,199,34,3,Home Decor,Wall Art,COD
X-26098,664,127,7,Food,Dairy Products,EMI
X-26062,128,22,2,Office Supplies,Binders,Credit Card
X-25761,732,139,8,Gym,Weights,EMI
X-25843,356,66,5,Home Decor,Planters,COD
X-25683,192,33,3,Food,Condiments,COD
X-25959,875,200,9,Office Supplies,Desk Organizers,EMI
X-25787,235,42,4,Gym,Gym Bags,COD
X-25951,493,89,6,Home Decor,Curtains,EMI
X-26056,179,31,3,Food,Produce,COD
X-25643,735,140,8,Office Supplies,Note Pads,EMI
X-26093,347,64,5,Gym,Exercise Mats,COD
X-25775,207,35,3,Home Decor,Candles,COD
X-26093,862,197,9,Food,Meat,EMI
X-25851,283,49,4,Office Supplies,Binders,COD
X-25685,576,110,6,Gym,Gym Bags,EMI
X-25651,107,16,2,Home Decor,Throws,Credit Card
X-25793,681,129,7,Food,Seafood,COD
X-25708,302,57,5,Office Supplies,Scissors,COD
X-25847,646,124,7,Gym,Exercise Bands,COD
X-25954,313,59,4,Home Decor,Decorative Pillows,COD
X-25997,184,31,3,Food,Canned Goods,COD
X-25650,815,156,9,Office Supplies,Staplers,EMI
X-25883,289,52,4,Gym,Exercise Gloves,COD
X-25945,568,108,6,Home Decor,Planters,COD
X-25981,126,22,2,Food,Snacks,Credit Card
X-25862,719,137,8,Office Supplies,Desk Chairs,EMI
X-25877,349,65,5,Gym,Water Bottles,COD
X-26090,218,36,3,Home Decor,Wall Decor,COD
X-26050,604,116,6,Food,Beverages,EMI
X-26072,119,19,2,Office Supplies,Glue Sticks,Credit Card
X-25916,679,131,7,Gym,Jump Ropes,COD
X-25722,336,61,5,Home Decor,Frames,COD
X-25746,197,33,3,Food,Desserts,COD
X-25753,814,156,9,Office Supplies,Desk Lamps,EMI
X-25956,289,52,4,Gym,Exercise Mats,COD
X-25996,568,108,6,Home Decor,Shelves,COD
X-25896,126,22,2,Food,Organic Foods,Credit Card
X-25796,721,137,8,Office Supplies,Tape,EMI
X-25798,347,64,5,Gym,Hand Grips,COD
X-26043,184,31,3,Home Decor,Artificial Plants,COD
X-26028,853,195,9,Food,Bakery,EMI
X-25812,232,41,4,Office Supplies,Printer Paper,COD
X-25605,478,86,6,Gym,Exercise Balls,EMI
X-25702,173,29,3,Home Decor,Curtains,COD
X-25940,145,25,2,Food,Nuts,Credit Card
X-26087,798,152,8,Office Supplies,Desk Chairs,EMI
X-25955,339,62,5,Gym,Exercise Gloves,COD
X-25626,196,33,3,Home Decor,Decorative Pillows,COD
X-25811,615,117,7,Food,Seafood,EMI
X-25856,102,18,2,Office Supplies,Markers,Credit Card
X-25628,693,134,7,Gym,Resistance Bands,COD
X-26016,361,68,5,Home Decor,Candles,COD
X-25999,212,37,4,Food,Beverages,COD
X-26043,849,194,9,Office Supplies,File Folders,EMI
X-25743,246,44,4,Gym,Exercise Bikes,COD
X-26014,569,110,6,Home Decor,Lamps,COD
X-25876,129,22,2,Food,Snacks,Credit Card
X-25785,781,149,8,Office Supplies,Pens,EMI
X-25810,331,60,5,Gym,Yoga Mats,COD
X-25833,199,34,3,Home Decor,Wall Art,COD
X-25931,664,127,7,Food,Dairy Products,EMI
X-25852,128,22,2,Office Supplies,Binders,Credit Card
X-25738,732,139,8,Gym,Weights,EMI
X-25921,356,66,5,Home Decor,Planters,COD
X-25685,192,33,3,Food,Condiments,COD
X-25996,875,200,9,Office Supplies,Desk Organizers,EMI
X-25663,235,42,4,Gym,Gym Bags,COD
X-25888,493,89,6,Home Decor,Curtains,EMI
X-25677,179,31,3,Food,Produce,COD
X-26045,735,140,8,Office Supplies,Note Pads,EMI
X-26002,347,64,5,Gym,Exercise Mats,COD
X-25953,207,35,3,Home Decor,Candles,COD
X-25617,862,197,9,Food,Meat,EMI
X-25702,283,49,4,Office Supplies,Binders,COD
X-25799,576,110,6,Gym,Gym Bags,EMI
X-25985,107,16,2,Home Decor,Throws,Credit Card
X-25952,681,129,7,Food,Seafood,COD
X-25754,302,57,5,Office Supplies,Scissors,COD
X-25770,646,124,7,Gym,Exercise Bands,COD
X-25954,313,59,4,Home Decor,Decorative Pillows,COD
X-25657,184,31,3,Food,Canned Goods,COD
X-25801,815,156,9,Office Supplies,Staplers,EMI
X-26000,289,52,4,Gym,Exercise Gloves,COD
X-25897,568,108,6,Home Decor,Planters,COD
X-25681,126,22,2,Food,Snacks,Credit Card
X-25852,719,137,8,Office Supplies,Desk Chairs,EMI
X-26067,349,65,5,Gym,Water Bottles,COD
X-25601,218,36,3,Home Decor,Wall Decor,COD
X-25804,604,116,6,Food,Beverages,EMI
X-25751,119,19,2,Office Supplies,Glue Sticks,Credit Card
X-25630,679,131,7,Gym,Jump Ropes,COD
X-25899,336,61,5,Home Decor,Frames,COD
X-25751,197,33,3,Food,Desserts,COD
X-26081,814,156,9,Office Supplies,Desk Lamps,EMI
X-25851,289,52,4,Gym,Exercise Mats,COD
X-26036,568,108,6,Home Decor,Shelves,COD
X-25704,126,22,2,Food,Organic Foods,Credit Card
X-25761,721,137,8,Office Supplies,Tape,EMI
X-25978,347,64,5,Gym,Hand Grips,COD
X-26077,184,31,3,Home Decor,Artificial Plants,COD
X-25981,853,195,9,Food,Bakery,EMI
X-26043,232,41,4,Office Supplies,Printer Paper,COD
X-25896,478,86,6,Gym,Exercise Balls,EMI
X-25790,173,29,3,Home Decor,Curtains,COD
X-25789,145,25,2,Food,Nuts,Credit Card
X-26061,798,152,8,Office Supplies,Desk Chairs,EMI
X-25923,339,62,5,Gym,Exercise Gloves,COD
X-25868,196,33,3,Home Decor,Decorative Pillows,COD
X-25777,615,117,7,Food,Seafood,EMI
X-25999,102,18,2,Office Supplies,Markers,Credit Card
X-25854,693,134,7,Gym,Resistance Bands,COD
X-25667,361,68,5,Home Decor,Candles,COD
X-25829,212,37,4,Food,Beverages,COD
X-25705,849,194,9,Office Supplies,File Folders,EMI
X-25843,246,44,4,Gym,Exercise Bikes,COD
X-25958,569,110,6,Home Decor,Lamps,COD
X-25893,129,22,2,Food,Snacks,Credit Card
X-25855,781,149,8,Office Supplies,Pens,EMI
X-25616,331,60,5,Gym,Yoga Mats,COD
X-25630,199,34,3,Home Decor,Wall Art,COD
X-25936,664,127,7,Food,Dairy Products,EMI
X-25830,128,22,2,Office Supplies,Binders,Credit Card
X-25930,732,139,8,Gym,Weights,EMI
X-25808,356,66,5,Home Decor,Planters,COD
X-25979,192,33,3,Food,Condiments,COD
X-25687,875,200,9,Office Supplies,Desk Organizers,EMI
X-26087,235,42,4,Gym,Gym Bags,COD
X-25764,493,89,6,Home Decor,Curtains,EMI
X-25782,179,31,3,Food,Produce,COD
X-25854,735,140,8,Office Supplies,Note Pads,EMI
X-26085,347,64,5,Gym,Exercise Mats,COD
X-25630,207,35,3,Home Decor,Candles,COD
X-25999,862,197,9,Food,Meat,EMI
X-25648,283,49,4,Office Supplies,Binders,COD
X-25952,576,110,6,Gym,Gym Bags,EMI
X-25710,107,16,2,Home Decor,Throws,Credit Card
X-25685,681,129,7,Food,Seafood,COD
X-25740,302,57,5,Office Supplies,Scissors,COD
X-25973,646,124,7,Gym,Exercise Bands,COD
X-25769,313,59,4,Home Decor,Decorative Pillows,COD
X-25687,184,31,3,Food,Canned Goods,COD
X-25603,815,156,9,Office Supplies,Staplers,EMI
X-26050,289,52,4,Gym,Exercise Gloves,COD
X-25748,568,108,6,Home Decor,Planters,COD
X-25833,126,22,2,Food,Snacks,Credit Card
X-25930,719,137,8,Office Supplies,Desk Chairs,EMI
X-26035,349,65,5,Gym,Water Bottles,COD
X-25851,218,36,3,Home Decor,Wall Decor,COD
X-25718,604,116,6,Food,Beverages,EMI
X-25898,119,19,2,Office Supplies,Glue Sticks,Credit Card
X-25893,679,131,7,Gym,Jump Ropes,COD
X-25983,336,61,5,Home Decor,Frames,COD
X-26056,197,33,3,Food,Desserts,COD
X-25715,814,156,9,Office Supplies,Desk Lamps,EMI
X-25702,289,52,4,Gym,Exercise Mats,COD
X-25618,568,108,6,Home Decor,Shelves,COD
X-25643,126,22,2,Food,Organic Foods,Credit Card
X-25961,721,137,8,Office Supplies,Tape,EMI
X-25873,347,64,5,Gym,Hand Grips,COD
X-26053,184,31,3,Home Decor,Artificial Plants,COD
X-25683,853,195,9,Food,Bakery,EMI
X-25718,232,41,4,Office Supplies,Printer Paper,COD
X-25753,478,86,6,Gym,Exercise Balls,EMI
X-25852,173,29,3,Home Decor,Curtains,COD
X-25914,145,25,2,Food,Nuts,Credit Card
X-26083,798,152,8,Office Supplies,Desk Chairs,EMI
X-25857,339,62,5,Gym,Exercise Gloves,COD
X-25939,196,33,3,Home Decor,Decorative Pillows,COD
X-25851,615,117,7,Food,Seafood,EMI
X-25699,102,18,2,Office Supplies,Markers,Credit Card
X-26078,693,134,7,Gym,Resistance Bands,COD
X-26075,361,68,5,Home Decor,Candles,COD
X-25956,212,37,4,Food,Beverages,COD
X-25861,849,194,9,Office Supplies,File Folders,EMI
X-25777,246,44,4,Gym,Exercise Bikes,COD
X-25634,569,110,6,Home Decor,Lamps,COD
X-25753,129,22,2,Food,Snacks,Credit Card
X-25687,781,149,8,Office Supplies,Pens,EMI
X-25885,331,60,5,Gym,Yoga Mats,COD
X-25767,199,34,3,Home Decor,Wall Art,COD
X-25961,664,127,7,Food,Dairy Products,EMI
X-25923,128,22,2,Office Supplies,Binders,Credit Card
X-25799,732,139,8,Gym,Weights,EMI
X-25955,Amount,Profit,Quantity,Category,Sub-Category,PaymentMode
X-26015,1905,345,5,Furniture,Tables,COD
X-26051,1274,198,7,Food,Fruits,EMI
X-25822,1033,305,8,Home Decor,Rugs & Carpets,Credit Card
X-25989,2955,1173,6,Gym,Dumbbells,COD
X-25910,1982,384,9,Furniture,Sofas,EMI
X-25956,1475,624,3,Electronics,Headphones,Credit Card
X-25986,333,78,5,Food,Snacks,UPI
X-26098,1798,628,7,Home Decor,Lamps,COD
X-26061,1266,301,8,Gym,Yoga Mats,Credit Card
X-25954,2115,843,4,Furniture,Beds,EMI
X-26034,680,219,9,Electronics,Smartwatches,COD
X-25909,1240,602,7,Home Decor,Wall Art,Credit Card
X-25692,945,267,6,Gym,Exercise Bikes,UPI
X-25959,1133,396,5,Furniture,Office Chairs,COD
X-25745,515,203,4,Food,Dairy Products,Credit Card
X-25689,2974,1134,8,Home Decor,Decorative Pillows,EMI
X-25786,173,62,5,Gym,Resistance Bands,UPI
X-25897,1892,735,9,Furniture,Dining Tables,COD
X-26056,2609,1084,6,Electronics,Tablets,Credit Card
X-25855,752,192,7,Home Decor,Curtains,EMI
X-25667,394,98,4,Gym,Weight Plates,COD
X-25701,880,416,5,Furniture,TV Stands,Credit Card
X-26046,1277,421,6,Food,Canned Goods,EMI
X-25676,615,253,7,Home Decor,Candles,COD
X-26045,1123,307,8,Gym,Treadmills,Credit Card
X-25889,1589,695,9,Furniture,Desks,EMI
X-25900,416,107,4,Electronics,Earphones,COD
X-25685,900,322,5,Home Decor,Throws & Blankets,Credit Card
X-25622,1305,519,6,Gym,Exercise Balls,EMI
X-25709,704,234,7,Furniture,Outdoor Furniture,COD
X-25798,219,57,8,Food,Bakery Items,Credit Card
X-25933,1360,478,9,Home Decor,Planters,EMI
X-25793,543,132,4,Gym,Fitness Trackers,COD
X-25951,1078,409,5,Furniture,Storage Cabinets,Credit Card
X-25656,950,374,6,Electronics,Security Cameras,EMI
X-26056,371,105,7,Home Decor,Picture Frames,COD
X-25870,1722,597,8,Gym,Rowing Machines,Credit Card
X-25690,1044,324,9,Furniture,Recliners,EMI
X-25702,289,89,4,Electronics,USB Drives,COD
X-25752,725,236,5,Home Decor,Wall Clocks,Credit Card
X-25781,1385,571,6,Gym,Home Gyms,EMI
X-26038,835,272,7,Food,Seafood,COD
X-25761,1932,814,8,Home Decor,Mirrors,Credit Card
X-25751,1120,419,9,Gym,Cardio Machines,EMI
X-25750,405,126,4,Furniture,Bean Bags,COD
X-25726,710,205,5,Electronics,Bluetooth Speakers,Credit Card
X-26048,1323,467,6,Home Decor,Vases,EMI
X-26051,882,301,7,Gym,Exercise Benches,COD
X-25614,1714,616,8,Furniture,Shoe Racks,Credit Card
X-25907,960,387,9,Electronics,External Hard Drives,EMI
X-25789,348,104,4,Home Decor,Coasters,COD
X-26097,615,176,5,Gym,Gym Bags,Credit Card
X-25902,1196,471,6,Furniture,Accent Chairs,EMI
X-25657,782,287,7,Electronics,Portable Chargers,COD
X-25854,1357,506,8,Home Decor,Throw Pillows,Credit Card
X-25610,1025,418,9,Gym,Weight Benches,EMI
X-25733,260,67,4,Furniture,Folding Chairs,COD
X-25798,640,199,5,Electronics,Smart Home Devices,Credit Card
X-25803,1210,469,6,Home Decor,Area Rugs,EMI
X-25755,975,345,7,Gym,Exercise Mats,COD
X-25850,1675,724,8,Furniture,Coffee Tables,Credit Card
X-25667,850,282,9,Electronics,VR Headsets,EMI
X-25796,392,115,4,Home Decor,Desk Lamps,COD
X-26013,695,209,5,Gym,Jump Ropes,Credit Card
X-25683,1335,497,6,Furniture,Console Tables,EMI
X-26054,720,263,7,Electronics,Power Banks,COD
X-26010,1425,532,8,Home Decor,Wall Shelves,Credit Card
X-25979,1090,414,9,Gym,Exercise Bands,EMI
X-25973,295,92,4,Furniture,Bar Stools,COD
X-25975,665,218,5,Electronics,Wireless Chargers,Credit Card
X-26010,1253,493,6,Home Decor,Bookends,EMI
X-25767,910,336,7,Gym,Hand Grips,COD
X-25815,1580,621,8,Furniture,Patio Furniture,Credit Card
X-25853,1050,402,9,Electronics,Drones,EMI
X-25756,312,88,4,Home Decor,Artificial Plants,COD
X-25755,725,228,5,Gym,Resistance Bands,Credit Card
X-25996,1420,547,6,Furniture,Computer Desks,EMI
X-25619,840,294,7,Electronics,Action Cameras,COD
X-26050,1295,452,8,Home Decor,Table Lamps,Credit Card
X-26000,990,385,9,Gym,Exercise Equipment,EMI
X-26058,275,81,4,Furniture,Side Tables,COD
X-25856,680,201,5,Electronics,Smart Speakers,Credit Card
X-26044,1340,536,6,Home Decor,Coffee Mugs,EMI
X-25654,805,271,7,Gym,Stationary Bikes,COD
X-26051,1630,702,8,Furniture,Outdoor Dining Sets,Credit Card
X-25636,1080,429,9,Electronics,Webcams,EMI
X-25710,331,96,4,Home Decor,Wall Decals,COD
X-25656,700,208,5,Gym,Fitness Watches,Credit Card
X-25919,1385,527,6,Furniture,File Cabinets,EMI
X-25781,880,311,7,Electronics,Soundbars,COD
X-25899,1270,476,8,Home Decor,Throw Blankets,Credit Card
X-26093,995,362,9,Gym,Home Exercise Equipment,EMI
X-25753,298,83,4,Furniture,Plant Stands,COD
X-25858,635,189,5,Electronics,Computer Monitors,Credit Card
X-25762,1245,497,6,Home Decor,Decorative Bowls,EMI
X-25625,820,301,7,Gym,Gym Gloves,COD
X-25857,1550,628,8,Furniture,Bar Carts,Credit Card
X-25919,1040,415,9,Electronics,Wireless Earbuds,EMI
X-25864,310,97,4,Home Decor,Accent Tables,COD
X-25698,685,204,5,Gym,Exercise Gloves,Credit Card
X-25959,1355,518,6,Furniture,Living Room Sets,EMI
X-26073,865,287,7,Electronics,Portable Speakers,COD
X-25649,1390,495,8,Home Decor,Wall Mirrors,Credit Card
X-25806,1010,397,9,Gym,Exercise Mats,EMI
X-25756,321,95,4,Furniture,Chaise Lounges,COD
X-26003,690,223,5,Electronics,Bluetooth Headphones,Credit Card
X-25752,1285,463,6,Home Decor,Coat Racks,EMI
X-25783,880,318,7,Gym,Resistance Bands,COD
X-25802,1520,612,8,Furniture,Buffet Tables,Credit Card
X-25881,1020,405,9,Electronics,Gaming Keyboards,EMI
X-25898,308,86,4,Home Decor,Wall Sconces,COD
X-25696,660,202,5,Gym,Jump Ropes,Credit Card
X-25826,1265,488,6,Furniture,Entryway Benches,EMI
X-25745,805,287,7,Electronics,Tablet Stands,COD
X-25943,1295,512,8,Home Decor,Desk Organizers,Credit Card
X-26051,980,379,9,Gym,Weight Plates,EMI
X-25624,296,84,4,Furniture,Accent Cabinets,COD
X-25723,645,195,5,Electronics,Smart Plugs,Credit Card
X-26052,1240,503,6,Home Decor,Barware,EMI
X-25603,830,292,7,Gym,Exercise Bands,COD
X-25983,1565,617,8,Furniture,Counter Stools,Credit Card
X-25650,1085,430,9,Electronics,Bluetooth Earbuds,EMI
X-25656,333,98,4,Home Decor,Wall Hooks,COD
X-26018,675,213,5,Gym,Gym Bags,Credit Card
X-25783,1350,526,6,Furniture,Daybeds,EMI
X-25951,855,308,7,Electronics,External SSDs,COD
X-25974,1385,495,8,Home Decor,Throw Pillows,Credit Card
X-25754,1000,392,9,Gym,Yoga Mats,EMI
X-26073,313,88,4,Furniture,End Tables,COD
X-25796,655,198,5,Electronics,Streaming Devices,Credit Card
X-25653,1270,482,6,Home Decor,Desk Lamps,EMI
X-25884,810,294,7,Gym,Exercise Mats,COD
X-25650,1560,615,8,Furniture,Sectional Sofas,Credit Card
X-26045,1060,425,9,Electronics,Computer Mice,EMI
X-25672,320,92,4,Home Decor,Throw Blankets,COD
X-25949,690,211,5,Gym,Resistance Bands,Credit Card
X-25733,1340,518,6,Furniture,Coffee Tables,EMI
X-25697,840,289,7,Electronics,Smart Home Devices,COD
X-25893,1295,458,8,Home Decor,Table Lamps,Credit Card
X-25802,985,381,9,Gym,Exercise Equipment,EMI
X-25961,270,79,4,Furniture,Side Tables,COD
X-25751,670,203,5,Electronics,Smart Speakers,Credit Card
X-25814,1335,537,6,Home Decor,Coffee Mugs,EMI
X-25702,800,273,7,Gym,Stationary Bikes,COD
X-25896,1610,697,8,Furniture,Outdoor Dining Sets,Credit Card
X-25969,1070,425,9,Electronics,Webcams,EMI
X-25778,327,94,4,Home Decor,Wall Decals,COD
X-25859,685,210,5,Gym,Fitness Watches,Credit Card
X-25810,1375,528,6,Furniture,File Cabinets,EMI
X-25616,870,316,7,Electronics,Soundbars,COD
X-25633,1265,483,8,Home Decor,Throw Blankets,Credit Card
X-25753,1005,368,9,Gym,Home Exercise Equipment,EMI
X-25764,303,87,4,Furniture,Plant Stands,COD
X-25864,630,188,5,Electronics,Computer Monitors,Credit Card
X-25725,1225,489,6,Home Decor,Decorative Bowls,EMI
X-25858,810,299,7,Gym,Gym Gloves,COD
X-25817,1530,622,8,Furniture,Bar Carts,Credit Card
X-25703,1030,412,9,Electronics,Wireless Earbuds,EMI
X-25610,315,93,4,Home Decor,Accent Tables,COD
X-25652,690,205,5,Gym,Exercise Gloves,Credit Card
X-25891,1365,517,6,Furniture,Living Room Sets,EMI
X-25764,855,283,7,Electronics,Portable Speakers,COD
X-25664,1380,492,8,Home Decor,Wall Mirrors,Credit Card
X-25645,1015,396,9,Gym,Exercise Mats,EMI
X-26008,325,93,4,Furniture,Chaise Lounges,COD
X-26061,670,219,5,Electronics,Bluetooth Headphones,Credit Card
X-25781,1275,475,6,Home Decor,Coffee Mugs,EMI
X-25999,815,290,7,Gym,Jump Ropes,COD
X-25783,1585,620,8,Furniture,Console Tables,Credit Card
X-25800,1085,429,9,Electronics,Portable Chargers,EMI
X-26093,295,90,4,Home Decor,Desk Lamps,COD
X-25638,615,183,5,Gym,Resistance Bands,Credit Card
X-26026,1420,543,6,Furniture,Computer Desks,EMI
X-25902,850,299,7,Electronics,Action Cameras,COD
X-25968,1290,449,8,Home Decor,Table Lamps,Credit Card
X-26099,995,386,9,Gym,Exercise Equipment,EMI
X-25699,280,82,4,Furniture,Side Tables,COD
X-26076,675,206,5,Electronics,Smart Speakers,Credit Card
X-25793,1330,533,6,Home Decor,Coffee Mugs,EMI
X-25671,795,268,7,Gym,Stationary Bikes,COD
X-26040,1620,699,8,Furniture,Outdoor Dining Sets,Credit Card
X-26059,1075,426,9,Electronics,Webcams,EMI
X-25725,333,99,4,Home Decor,Wall Decals,COD
X-25855,690,214,5,Gym,Fitness Watches,Credit Card
X-25738,1375,531,6,Furniture,File Cabinets,EMI
X-25899,875,312,7,Electronics,Soundbars,COD
X-25608,1270,486,8,Home Decor,Throw Blankets,Credit Card
X-25904,1005,371,9,Gym,Home Exercise Equipment,EMI
X-26056,308,85,4,Furniture,Plant Stands,COD
X-25669,635,192,5,Electronics,Computer Monitors,Credit Card
X-25638,1240,499,6,Home Decor,Decorative Bowls,EMI
X-25953,825,298,7,Gym,Gym Gloves,COD
X-25841,1550,625,8,Furniture,Bar Carts,Credit Card
X-26071,1040,417,9,Electronics,Wireless Earbuds,EMI
X-25793,312,91,4,Home Decor,Accent Tables,COD
X-25813,690,207,5,Gym,Exercise Gloves,Credit Card
X-26010,1365,520,6,Furniture,Living Room Sets,EMI
X-25825,865,285,7,Electronics,Portable Speakers,COD
X-25630,1390,498,8,Home Decor,Wall Mirrors,Credit Card
X-25986,1010,399,9,Gym,Exercise Mats,EMI
X-25650,323,92,4,Furniture,Chaise Lounges,COD
X-26078,660,215,5,Electronics,Bluetooth Headphones,Credit Card
X-25890,1275,480,6,Home Decor,Coffee Mugs,EMI
X-25691,810,288,7,Gym,Jump Ropes,COD
X-25952,1565,623,8,Furniture,Console Tables,Credit Card
X-25651,1085,434,9,Electronics,Portable Chargers,EMI
X-25955,300,89,4,Home Decor,Desk Lamps,COD
X-25898,620,185,5,Gym,Resistance Bands,Credit Card
X-25838,1440,550,6,Furniture,Computer Desks,EMI
X-25797,870,306,7,Electronics,Action Cameras,COD
X-25738,1250,466,8,Home Decor,Table Lamps,Credit Card
X-25661,1005,389,9,Gym,Exercise Equipment,EMI
X-25997,283,81,4,Furniture,Side Tables,COD
X-25667,650,205,5,Electronics,Smart Speakers,Credit Card
X-25753,1320,526,6,Home Decor,Coffee Mugs,EMI
X-25848,815,295,7,Gym,Stationary Bikes,COD
X-26097,1610,695,8,Furniture,Outdoor Dining Sets,Credit Card
X-25633,1070,430,9,Electronics,Webcams,EMI
X-25807,330,96,4,Home Decor,Wall Decals,COD
X-25752,680,208,5,Gym,Fitness Watches,Credit Card
X-26052,1385,532,6,Furniture,File Cabinets,EMI
X-25610,880,315,7,Electronics,Soundbars,COD
X-25888,1265,485,8,Home Decor,Throw Blankets,Credit Card
X-25937,1005,370,9,Gym,Home Exercise Equipment,EMI
X-25828,310,87,4,Furniture,Plant Stands,COD
X-26048,635,190,5,Electronics,Computer Monitors,Credit Card
X-25670,1240,497,6,Home Decor,Decorative Bowls,EMI
X-25757,820,300,7,Gym,Gym Gloves,COD
X-25751,1550,628,8,Furniture,Bar Carts,Credit Card
X-25687,1040,415,9,Electronics,Wireless Earbuds,EMI
X-25710,315,90,4,Home Decor,Accent Tables,COD
X-25656,690,208,5,Gym,Exercise Gloves,Credit Card
X-25601,1365,518,6,Furniture,Living Room Sets,EMI
X-26053,865,284,7,Electronics,Portable Speakers,COD
X-26001,1390,497,8,Home Decor,Wall Mirrors,Credit Card
X-25964,1010,398,9,Gym,Exercise Mats,EMI
X-26062,323,91,4,Furniture,Chaise Lounges,COD
X-25982,660,214,5,Electronics,Bluetooth Headphones,Credit Card
X-25864,1275,479,6,Home Decor,Coffee Mugs,EMI
X-25693,810,287,7,Gym,Jump Ropes,COD
X-25802,1565,622,8,Furniture,Console Tables,Credit Card
X-25676,1085,433,9,Electronics,Portable Chargers,EMI
X-25639,300,88,4,Home Decor,Desk Lamps,COD
X-25757,620,186,5,Gym,Resistance Bands,Credit Card
X-26003,1440,549,6,Furniture,Computer Desks,EMI
X-26055,870,305,7,Electronics,Action Cameras,COD
X-25786,1250,465,8,Home Decor,Table Lamps,Credit Card
X-25919,1005,388,9,Gym,Exercise Equipment,EMI
X-25894,283,80,4,Furniture,Side Tables,COD
X-25979,650,204,5,Electronics,Smart Speakers,Credit Card
X-25651,1320,525,6,Home Decor,Coffee Mugs,EMI
X-25653,815,294,7,Gym,Stationary Bikes,COD
X-25855,1610,694,8,Furniture,Outdoor Dining Sets,Credit Card
X-25793,1070,429,9,Electronics,Webcams,EMI
X-26073,330,95,4,Home Decor,Wall Decals,COD
X-25881,680,207,5,Gym,Fitness Watches,Credit Card
X-25603,1385,531,6,Furniture,File Cabinets,EMI
X-25851,880,314,7,Electronics,Soundbars,COD
X-25883,1265,484,8,Home Decor,Throw Blankets,Credit Card
X-25768,1005,369,9,Gym,Home Exercise Equipment,EMI
X-25953,310,86,4,Furniture,Plant Stands,COD
X-25755,635,189,5,Electronics,Computer Monitors,Credit Card
X-26057,1240,496,6,Home Decor,Decorative Bowls,EMI
X-26055,820,299,7,Gym,Gym Gloves,COD
X-25855,1550,627,8,Furniture,Bar Carts,Credit Card
X-25989,1040,414,9,Electronics,Wireless Earbuds,EMI
X-26099,315,89,4,Home Decor,Accent Tables,COD
X-25652,690,207,5,Gym,Exercise Gloves,Credit Card
X-25723,1365,517,6,Furniture,Living Room Sets,EMI
X-26099,865,283,7,Electronics,Portable Speakers,COD
X-25629,1390,496,8,Home Decor,Wall Mirrors,Credit Card
X-25877,1010,397,9,Gym,Exercise Mats,EMI
X-25767,323,90,4,Furniture,Chaise Lounges,COD
X-25735,660,213,5,Electronics,Bluetooth Headphones,Credit Card
X-26097,1275,478,6,Home Decor,Coffee Mugs,EMI
X-26070,810,286,7,Gym,Jump Ropes,COD
X-25752,1565,621,8,Furniture,Console Tables,Credit Card
X-25656,1085,432,9,Electronics,Portable Chargers,EMI
X-25748,300,87,4,Home Decor,Desk Lamps,COD
X-25758,620,185,5,Gym,Resistance Bands,Credit Card
X-25950,1440,548,6,Furniture,Computer Desks,EMI
X-25707,870,304,7,Electronics,Action Cameras,COD
X-25909,1250,464,8,Home Decor,Table Lamps,Credit Card
X-25955,1005,387,9,Gym,Exercise Equipment,EMI
X-26023,283,79,4,Furniture,Side Tables,COD
X-25655,650,203,5,Electronics,Smart Speakers,Credit Card
X-25686,1320,524,6,Home Decor,Coffee Mugs,EMI
X-25655,815,293,7,Gym,Stationary Bikes,COD
X-25601,1610,693,8,Furniture,Outdoor Dining Sets,Credit Card
X-25862,1070,428,9,Electronics,Webcams,EMI
X-25626,330,94,4,Home Decor,Wall Decals,COD
X-25823,680,206,5,Gym,Fitness Watches,Credit Card
X-25881,1385,530,6,Furniture,File Cabinets,EMI
X-25910,880,313,7,Electronics,Soundbars,COD
X-25830,1265,482,8,Home Decor,Throw Blankets,Credit Card
X-25978,1005,368,9,Gym,Home Exercise Equipment,EMI
X-25997,310,85,4,Furniture,Plant Stands,COD
X-25661,635,188,5,Electronics,Computer Monitors,Credit Card
X-25969,1240,495,6,Home Decor,Decorative Bowls,EMI
X-25858,820,298,7,Gym,Gym Gloves,COD
X-25697,1550,626,8,Furniture,Bar Carts,Credit Card
X-25798,1040,413,9,Electronics,Wireless Earbuds,EMI
X-25873,315,88,4,Home Decor,Accent Tables,COD
X-25740,690,206,5,Gym,Exercise Gloves,Credit Card
X-25700,1365,516,6,Furniture,Living Room Sets,EMI
X-25757,865,282,7,Electronics,Portable Speakers,COD
X-25973,1390,495,8,Home Decor,Wall Mirrors,Credit Card
X-25698,1010,396,9,Gym,Exercise Mats,EMI
X-25993,323,89,4,Furniture,Chaise Lounges,COD