Order ID,Order Date,CustomerName,State,City
B-25854,10-11-2018,Mia,Illinois,Chicago
B-25855,11-11-2018,Alexander,Texas,Houston
B-25856,12-11-2018,Evelyn,Florida,Miami
B-25857,13-11-2018,Olivia,California,Los Angeles
B-25858,14-11-2018,William,Pennsylvania,Philadelphia
B-25859,15-11-2018,Sophia,Washington,Seattle
B-25860,16-11-2018,Liam,New York,New York City
B-25861,17-11-2018,Emma,Georgia,Atlanta
B-25862,18-11-2018,Noah,Colorado,Denver
B-25863,19-11-2018,Ava,Arizona,Phoenix
B-25864,20-11-2018,James,Oregon,Portland
B-25865,21-11-2018,Isabella,Nevada,Las Vegas
B-25866,22-11-2018,Lucas,Utah,Salt Lake City
B-25867,23-11-2018,Mia,Massachusetts,Boston
B-25868,24-11-2018,Alexander,Maryland,Baltimore
B-25869,25-11-2018,Evelyn,Virginia,Richmond
B-25870,26-11-2018,Olivia,New Jersey,Newark
B-25871,27-11-2018,William,Connecticut,Hartford
B-25872,28-11-2018,Sophia,Vermont,Burlington
B-25873,29-11-2018,Liam,New Hampshire,Manchester
B-25874,30-11-2018,Emma,Maine,Portland
B-25875,01-12-2018,Noah,Florida,Orlando
B-25876,02-12-2018,Ava,Georgia,Savannah
B-25877,03-12-2018,James,Tennessee,Nashville
B-25878,04-12-2018,Isabella,Kentucky,Louisville
B-25879,05-12-2018,Lucas,Ohio,Columbus
B-25880,06-12-2018,Mia,Indiana,Indianapolis
B-25881,07-12-2018,Alexander,Michigan,Detroit
B-25882,08-12-2018,Evelyn,Wisconsin,Milwaukee
B-25883,09-12-2018,Olivia,Minnesota,Minneapolis
B-25884,10-12-2018,William,Iowa,Des Moines
B-25885,11-12-2018,Sophia,Missouri,Kansas City
B-25886,12-12-2018,Liam,Oklahoma,Oklahoma City
B-25887,13-12-2018,Emma,Texas,Austin
B-25888,14-12-2018,Noah,Louisiana,New Orleans
B-25889,15-12-2018,Ava,Arkansas,Little Rock
B-25890,16-12-2018,James,Mississippi,Jackson
B-25891,17-12-2018,Isabella,Alabama,Birmingham
B-25892,18-12-2018,Lucas,Kentucky,Lexington
B-25893,19-12-2018,Mia,South Carolina,Columbia
B-25894,20-12-2018,Alexander,North Carolina,Charlotte
B-25895,21-12-2018,Evelyn,West Virginia,Charleston
B-25896,22-12-2018,Olivia,Delaware,Wilmington
B-25897,23-12-2018,William,District of Columbia,Washington D.C.
B-25898,24-12-2018,Sophia,Rhode Island,Providence
B-25899,25-12-2018,Liam,Hawaii,Honolulu
B-25900,26-12-2018,Emma,Alaska,Anchorage
B-25901,27-12-2018,Noah,Idaho,Boise
B-25902,28-12-2018,Ava,Montana,Billings
B-25903,29-12-2018,James,Wyoming,Cheyenne
B-25904,30-12-2018,Isabella,New Mexico,Albuquerque
B-25905,31-12-2018,Lucas,Utah,Salt Lake City
B-25906,01-01-2019,Mia,Illinois,Chicago
B-25907,02-01-2019,Alexander,Texas,Houston
B-25908,03-01-2019,Evelyn,Florida,Miami
B-25909,04-01-2019,Olivia,California,Los Angeles
B-25910,05-01-2019,William,Pennsylvania,Philadelphia
B-25911,06-01-2019,Sophia,Washington,Seattle
B-25912,07-01-2019,Liam,New York,New York City
B-25913,08-01-2019,Emma,Georgia,Atlanta
B-25914,09-01-2019,Noah,Colorado,Denver
B-25915,10-01-2019,Ava,Arizona,Phoenix
B-25916,11-01-2019,James,Oregon,Portland
B-25917,12-01-2019,Isabella,Nevada,Las Vegas
B-25918,13-01-2019,Lucas,Utah,Salt Lake City
B-25919,14-01-2019,Mia,Massachusetts,Boston
B-25920,15-01-2019,Alexander,Maryland,Baltimore
B-25921,16-01-2019,Evelyn,Virginia,Richmond
B-25922,17-01-2019,Olivia,New Jersey,Newark
B-25923,18-01-2019,William,Connecticut,Hartford
B-25924,19-01-2019,Sophia,Vermont,Burlington
B-25925,20-01-2019,Liam,New Hampshire,Manchester
B-25926,21-01-2019,Emma,Maine,Portland
B-25927,22-01-2019,Noah,Florida,Orlando
B-25928,23-01-2019,Ava,Georgia,Savannah
B-25929,24-01-2019,James,Tennessee,Nashville
B-25930,25-01-2019,Isabella,Kentucky,Louisville
B-25931,26-01-2019,Lucas,Ohio,Columbus
B-25932,27-01-2019,Mia,Indiana,Indianapolis
B-25933,28-01-2019,Alexander,Michigan,Detroit
B-25934,29-01-2019,Evelyn,Wisconsin,Milwaukee
B-25935,30-01-2019,Olivia,Minnesota,Minneapolis
B-25936,31-01-2019,William,Iowa,Des Moines
B-25937,01-02-2019,Sophia,Missouri,Kansas City
B-25938,02-02-2019,Liam,Oklahoma,Oklahoma City
B-25939,03-02-2019,Emma,Texas,Austin
B-25940,04-02-2019,Noah,Louisiana,New Orleans
B-25941,05-02-2019,Ava,Arkansas,Little Rock
B-25942,06-02-2019,James,Mississippi,Jackson
B-25943,07-02-2019,Isabella,Alabama,Birmingham
B-25944,08-02-2019,Lucas,Kentucky,Lexington
B-25945,09-02-2019,Mia,South Carolina,Columbia
B-25946,10-02-2019,Alexander,North Carolina,Charlotte
B-25947,11-02-2019,Evelyn,West Virginia,Charleston
B-25948,12-02-2019,Olivia,Delaware,Wilmington
B-25949,13-02-2019,William,District of Columbia,Washington D.C.
B-25950,14-02-2019,Sophia,Rhode Island,Providence
B-25951,15-02-2019,Liam,Hawaii,Honolulu
B-25952,16-02-2019,Emma,Alaska,Anchorage
B-25953,17-02-2019,Noah,Idaho,Boise
B-25954,18-02-2019,Ava,Montana,Billings
B-25955,19-02-2019,James,Wyoming,Cheyenne
B-25956,20-02-2019,Isabella,New Mexico,Albuquerque
B-25957,21-02-2019,Lucas,Utah,Salt Lake City
B-25958,22-02-2019,Mia,Illinois,Chicago
B-25959,23-02-2019,Alexander,Texas,Houston
B-25960,24-02-2019,Evelyn,Florida,Miami
B-25961,25-02-2019,Olivia,California,Los Angeles
B-25962,26-02-2019,William,Pennsylvania,Philadelphia
B-25963,27-02-2019,Sophia,Washington,Seattle
B-25964,28-02-2019,Liam,New York,New York City
B-25965,01-03-2019,Emma,Georgia,Atlanta
B-25966,02-03-2019,Noah,Colorado,Denver
B-25967,03-03-2019,Ava,Arizona,Phoenix
B-25968,04-03-2019,James,Oregon,Portland
B-25969,05-03-2019,Isabella,Nevada,Las Vegas
B-25970,06-03-2019,Lucas,Utah,Salt Lake City
B-25971,07-03-2019,Mia,Massachusetts,Boston
B-25972,08-03-2019,Alexander,Maryland,Baltimore
B-25973,09-03-2019,Evelyn,Virginia,Richmond
B-25974,10-03-2019,Olivia,New Jersey,Newark
B-25975,11-03-2019,William,Connecticut,Hartford
B-25976,12-03-2019,Sophia,Vermont,Burlington
B-25977,13-03-2019,Liam,New Hampshire,Manchester
B-25978,14-03-2019,Emma,Maine,Portland
B-25979,15-03-2019,Noah,Florida,Orlando
B-25980,16-03-2019,Ava,Georgia,Savannah
B-25981,17-03-2019,James,Tennessee,Nashville
B-25982,18-03-2019,Isabella,Kentucky,Louisville
B-25983,19-03-2019,Lucas,Ohio,Columbus
B-25984,20-03-2019,Mia,Indiana,Indianapolis
B-25985,21-03-2019,Alexander,Michigan,Detroit
B-25986,22-03-2019,Evelyn,Wisconsin,Milwaukee
B-25987,23-03-2019,Olivia,Minnesota,Minneapolis
B-25988,24-03-2019,William,Iowa,Des Moines
B-25989,25-03-2019,Sophia,Missouri,Kansas City
B-25990,26-03-2019,Liam,Oklahoma,Oklahoma City
B-25991,27-03-2019,Emma,Texas,Austin
B-25992,28-03-2019,Noah,Louisiana,New Orleans
B-25993,29-03-2019,Ava,Arkansas,Little Rock
B-25994,30-03-2019,James,Mississippi,Jackson
B-25995,31-03-2019,Isabella,Alabama,Birmingham
B-25996,01-04-2019,Lucas,Kentucky,Lexington
B-25997,02-04-2019,Mia,South Carolina,Columbia
B-25998,03-04-2019,Alexander,North Carolina,Charlotte
B-25999,04-04-2019,Evelyn,West Virginia,Charleston
B-26000,05-04-2019,Olivia,Delaware,Wilmington
B-26001,06-04-2019,William,District of Columbia,Washington D.C.
B-26002,07-04-2019,Sophia,Rhode Island,Providence
B-26003,08-04-2019,Liam,Hawaii,Honolulu
B-26004,09-04-2019,Emma,Alaska,Anchorage
B-26005,10-04-2019,Noah,Idaho,Boise
B-26006,11-04-2019,Ava,Montana,Billings
B-26007,12-04-2019,James,Wyoming,Cheyenne
B-26008,13-04-2019,Isabella,New Mexico,Albuquerque
B-26009,14-04-2019,Lucas,Utah,Salt Lake City
B-26010,15-04-2019,Mia,Illinois,Chicago
B-26011,16-04-2019,Alexander,Texas,Houston
B-26012,17-04-2019,Evelyn,Florida,Miami
B-26013,18-04-2019,Olivia,California,Los Angeles
B-26014,19-04-2019,William,Pennsylvania,Philadelphia
B-26015,20-04-2019,Sophia,Washington,Seattle
B-26016,21-04-2019,Liam,New York,New York City
B-26017,22-04-2019,Emma,Georgia,Atlanta
B-26018,23-04-2019,Noah,Colorado,Denver
B-26019,24-04-2019,Ava,Arizona,Phoenix
B-26020,25-04-2019,James,Oregon,Portland
B-26021,26-04-2019,Isabella,Nevada,Las Vegas
B-26022,27-04-2019,Lucas,Utah,Salt Lake City
B-26023,28-04-2019,Mia,Massachusetts,Boston
B-26024,29-04-2019,Alexander,Maryland,Baltimore
B-26025,30-04-2019,Evelyn,Virginia,Richmond
B-26026,01-05-2019,Olivia,New Jersey,Newark
B-26027,02-05-2019,William,Connecticut,Hartford
B-26028,03-05-2019,Sophia,Vermont,Burlington
B-26029,04-05-2019,Liam,New Hampshire,Manchester
B-26030,05-05-2019,Emma,Maine,Portland
B-26031,06-05-2019,Noah,Florida,Orlando
B-26032,07-05-2019,Ava,Georgia,Savannah
B-26033,08-05-2019,James,Tennessee,Nashville
B-26034,09-05-2019,Isabella,Kentucky,Louisville
B-26035,10-05-2019,Lucas,Ohio,Columbus
B-26036,11-05-2019,Mia,Indiana,Indianapolis
B-26037,12-05-2019,Alexander,Michigan,Detroit
B-26038,13-05-2019,Evelyn,Wisconsin,Milwaukee
B-26039,14-05-2019,Olivia,Minnesota,Minneapolis
B-26040,15-05-2019,William,Iowa,Des Moines
B-26041,16-05-2019,Sophia,Missouri,Kansas City
B-26042,17-05-2019,Liam,Oklahoma,Oklahoma City
B-26043,18-05-2019,Emma,Texas,Austin
B-26044,19-05-2019,Noah,Louisiana,New Orleans
B-26045,20-05-2019,Ava,Arkansas,Little Rock
B-26046,21-05-2019,James,Mississippi,Jackson
B-26047,22-05-2019,Isabella,Alabama,Birmingham
B-26048,23-05-2019,Lucas,Kentucky,Lexington
B-26049,24-05-2019,Mia,South Carolina,Columbia
B-26050,25-05-2019,Alexander,North Carolina,Charlotte
B-26051,26-05-2019,Evelyn,West Virginia,Charleston
B-26052,27-05-2019,Olivia,Delaware,Wilmington
B-26053,28-05-2019,William,District of Columbia,Washington D.C.
B-26054,29-05-2019,Sophia,Rhode Island,Providence
B-26055,30-05-2019,Liam,Hawaii,Honolulu
B-26056,31-05-2019,Emma,Alaska,Anchorage
B-26057,01-06-2019,Noah,Idaho,Boise
B-26058,02-06-2019,Ava,Montana,Billings
B-26059,03-06-2019,James,Wyoming,Cheyenne
B-26060,04-06-2019,Isabella,New Mexico,Albuquerque
B-26061,05-06-2019,Lucas,Utah,Salt Lake City
B-26062,06-06-2019,Mia,Illinois,Chicago
B-26063,07-06-2019,Alexander,Texas,Houston
B-26064,08-06-2019,Evelyn,Florida,Miami
B-26065,09-06-2019,Olivia,California,Los Angeles
B-26066,10-06-2019,William,Pennsylvania,Philadelphia
B-26067,11-06-2019,Sophia,Washington,Seattle
B-26068,12-06-2019,Liam,New York,New York City
B-26069,13-06-2019,Emma,Georgia,Atlanta
B-26070,14-06-2019,Noah,Colorado,Denver
B-26071,15-06-2019,Ava,Arizona,Phoenix
B-26072,16-06-2019,James,Oregon,Portland
B-26073,17-06-2019,Isabella,Nevada,Las Vegas
B-26074,18-06-2019,Lucas,Utah,Salt Lake City
B-26075,19-06-2019,Mia,Massachusetts,Boston
B-26076,20-06-2019,Alexander,Maryland,Baltimore
B-26077,21-06-2019,Evelyn,Virginia,Richmond
B-26078,22-06-2019,Olivia,New Jersey,Newark
B-26079,23-06-2019,William,Connecticut,Hartford
B-26080,24-06-2019,Sophia,Vermont,Burlington
B-26081,25-06-2019,Liam,New Hampshire,Manchester
B-26082,26-06-2019,Emma,Maine,Portland
B-26083,27-06-2019,Noah,Florida,Orlando
B-26084,28-06-2019,Ava,Georgia,Savannah
B-26085,29-06-2019,James,Tennessee,Nashville
B-26086,30-06-2019,Isabella,Kentucky,Louisville
B-26087,01-07-2019,Lucas,Ohio,Columbus
B-26088,02-07-2019,Mia,Indiana,Indianapolis
B-26089,03-07-2019,Alexander,Michigan,Detroit
B-26090,04-07-2019,Evelyn,Wisconsin,Milwaukee
B-26091,05-07-2019,Olivia,Minnesota,Minneapolis
B-26092,06-07-2019,William,Iowa,Des Moines
B-26093,07-07-2019,Sophia,Missouri,Kansas City
B-26094,08-07-2019,Liam,Oklahoma,Oklahoma City
B-26095,09-07-2019,Emma,Texas,Austin
B-26096,10-07-2019,Noah,Louisiana,New Orleans
B-26097,11-07-2019,Ava,Arkansas,Little Rock
B-26098,12-07-2019,James,Mississippi,Jackson
B-26099,13-07-2019,Isabella,Alabama,Birmingham
B-26100,14-07-2019,Lucas,Kentucky,Lexington
B-26101,15-07-2019,Mia,South Carolina,Columbia
B-26102,16-07-2019,Alexander,North Carolina,Charlotte
B-26103,17-07-2019,Evelyn,West Virginia,Charleston
B-26104,18-07-2019,Olivia,Delaware,Wilmington
B-26105,19-07-2019,William,District of Columbia,Washington D.C.
B-26106,20-07-2019,Sophia,Rhode Island,Providence
B-26107,21-07-2019,Liam,Hawaii,Honolulu
B-26108,22-07-2019,Emma,Alaska,Anchorage
B-26109,23-07-2019,Noah,Idaho,Boise
B-26110,24-07-2019,Ava,Montana,Billings
B-26111,25-07-2019,James,Wyoming,Cheyenne
B-26112,26-07-2019,Isabella,New Mexico,Albuquerque
B-26113,27-07-2019,Lucas,Utah,Salt Lake City
B-26114,28-07-2019,Mia,Illinois,Chicago
B-26115,29-07-2019,Alexander,Texas,Houston
B-26116,30-07-2019,Evelyn,Florida,Miami
B-26117,31-07-2019,Olivia,California,Los Angeles
B-26118,01-08-2019,William,Pennsylvania,Philadelphia
B-26119,02-08-2019,Sophia,Washington,Seattle
B-26120,03-08-2019,Liam,New York,New York City
B-26121,04-08-2019,Emma,Georgia,Atlanta
B-26122,05-08-2019,Noah,Colorado,Denver
B-26123,06-08-2019,Ava,Arizona,Phoenix
B-26124,07-08-2019,James,Oregon,Portland
B-26125,08-08-2019,Isabella,Nevada,Las Vegas
B-26126,09-08-2019,Lucas,Utah,Salt Lake City
B-26127,10-08-2019,Mia,Massachusetts,Boston
B-26128,11-08-2019,Alexander,Maryland,Baltimore
B-26129,12-08-2019,Evelyn,Virginia,Richmond
B-26130,13-08-2019,Olivia,New Jersey,Newark
B-26131,14-08-2019,William,Connecticut,Hartford
B-26132,15-08-2019,Sophia,Vermont,Burlington
B-26133,16-08-2019,Liam,New Hampshire,Manchester
B-26134,17-08-2019,Emma,Maine,Portland
B-26135,18-08-2019,Noah,Florida,Orlando
B-26136,19-08-2019,Ava,Georgia,Savannah
B-26137,20-08-2019,James,Tennessee,Nashville
B-26138,21-08-2019,Isabella,Kentucky,Louisville
B-26139,22-08-2019,Lucas,Ohio,Columbus
B-26140,23-08-2019,Mia,Indiana,Indianapolis
B-26141,24-08-2019,Alexander,Michigan,Detroit
B-26142,25-08-2019,Evelyn,Wisconsin,Milwaukee
B-26143,26-08-2019,Olivia,Minnesota,Minneapolis
B-26144,27-08-2019,William,Iowa,Des Moines
B-26145,28-08-2019,Sophia,Missouri,Kansas City
B-26146,29-08-2019,Liam,Oklahoma,Oklahoma City
B-26147,30-08-2019,Emma,Texas,Austin
B-26148,31-08-2019,Noah,Louisiana,New Orleans
B-26149,01-09-2019,Ava,Arkansas,Little Rock
B-26150,02-09-2019,James,Mississippi,Jackson
B-26151,03-09-2019,Isabella,Alabama,Birmingham
B-26152,04-09-2019,Lucas,Kentucky,Lexington
B-26153,05-09-2019,Mia,South Carolina,Columbia
B-26154,06-09-2019,Alexander,North Carolina,Charlotte
B-26155,07-09-2019,Evelyn,West Virginia,Charleston
B-26156,08-09-2019,Olivia,Delaware,Wilmington
B-26157,09-09-2019,William,District of Columbia,Washington D.C.
B-26158,10-09-2019,Sophia,Rhode Island,Providence
B-26159,11-09-2019,Liam,Hawaii,Honolulu
B-26160,12-09-2019,Emma,Alaska,Anchorage
B-26161,13-09-2019,Noah,Idaho,Boise
B-26162,14-09-2019,Ava,Montana,Billings
B-26163,15-09-2019,James,Wyoming,Cheyenne
B-26164,16-09-2019,Isabella,New Mexico,Albuquerque
B-26165,17-09-2019,Lucas,Utah,Salt Lake City
B-26166,18-09-2019,Mia,Illinois,Chicago
B-26167,19-09-2019,Alexander,Texas,Houston
B-26168,20-09-2019,Evelyn,Florida,Miami
B-26169,21-09-2019,Olivia,California,Los Angeles
B-26170,22-09-2019,William,Pennsylvania,Philadelphia
B-26171,23-09-2019,Sophia,Washington,Seattle
B-26172,24-09-2019,Liam,New York,New York City
B-26173,25-09-2019,Emma,Georgia,Atlanta
B-26174,26-09-2019,Noah,Colorado,Denver
B-26175,27-09-2019,Ava,Arizona,Phoenix
B-26176,28-09-2019,James,Oregon,Portland
B-26177,29-09-2019,Isabella,Nevada,Las Vegas
B-26178,30-09-2019,Lucas,Utah,Salt Lake City
B-26179,01-10-2019,Mia,Massachusetts,Boston
B-26180,02-10-2019,Alexander,Maryland,Baltimore
B-26181,03-10-2019,Evelyn,Virginia,Richmond
B-26182,04-10-2019,Olivia,New Jersey,Newark
B-26183,05-10-2019,William,Connecticut,Hartford
B-26184,06-10-2019,Sophia,Vermont,Burlington
B-26185,07-10-2019,Liam,New Hampshire,Manchester
B-26186,08-10-2019,Emma,Maine,Portland
B-26187,09-10-2019,Noah,Florida,Orlando
B-26188,10-10-2019,Ava,Georgia,Savannah
B-26189,11-10-2019,James,Tennessee,Nashville
B-26190,12-10-2019,Isabella,Kentucky,Louisville
B-26191,13-10-2019,Lucas,Ohio,Columbus
B-26192,14-10-2019,Mia,Indiana,Indianapolis
B-26193,15-10-2019,Alexander,Michigan,Detroit
B-26194,16-10-2019,Evelyn,Wisconsin,Milwaukee
B-26195,17-10-2019,Olivia,Minnesota,Minneapolis
B-26196,18-10-2019,William,Iowa,Des Moines
B-26197,19-10-2019,Sophia,Missouri,Kansas City
B-26198,20-10-2019,Liam,Oklahoma,Oklahoma City
B-26199,21-10-2019,Emma,Texas,Austin
B-26200,22-10-2019,Noah,Louisiana,New Orleans
B-26201,23-10-2019,Ava,Arkansas,Little Rock
B-26202,24-10-2019,James,Mississippi,Jackson
B-26203,25-10-2019,Isabella,Alabama,Birmingham
B-26204,26-10-2019,Lucas,Kentucky,Lexington
B-26205,27-10-2019,Mia,South Carolina,Columbia
B-26206,28-10-2019,Alexander,North Carolina,Charlotte
B-26207,29-10-2019,Evelyn,West Virginia,Charleston
B-26208,30-10-2019,Olivia,Delaware,Wilmington
B-26209,31-10-2019,William,District of Columbia,Washington D.C.
B-26210,01-11-2019,Sophia,Rhode Island,Providence
B-26211,02-11-2019,Liam,Hawaii,Honolulu
B-26212,03-11-2019,Emma,Alaska,Anchorage
B-26213,04-11-2019,Noah,Idaho,Boise
B-26214,05-11-2019,Ava,Montana,Billings
B-26215,06-11-2019,James,Wyoming,Cheyenne
B-26216,07-11-2019,Isabella,New Mexico,Albuquerque
B-26217,08-11-2019,Lucas,Utah,Salt Lake City
B-26218,09-11-2019,Mia,Illinois,Chicago
B-26219,10-11-2019,Alexander,Texas,Houston
B-26220,11-11-2019,Evelyn,Florida,Miami
B-26221,12-11-2019,Olivia,California,Los Angeles
B-26222,13-11-2019,William,Pennsylvania,Philadelphia
B-26223,14-11-2019,Sophia,Washington,Seattle
B-26224,15-11-2019,Liam,New York,New York City
B-26225,16-11-2019,Emma,Georgia,Atlanta
B-26226,17-11-2019,Noah,Colorado,Denver
B-26227,18-11-2019,Ava,Arizona,Phoenix
B-26228,19-11-2019,James,Oregon,Portland
B-26229,20-11-2019,Isabella,Nevada,Las Vegas
B-26230,21-11-2019,Lucas,Utah,Salt Lake City
B-26231,22-11-2019,Mia,Massachusetts,Boston
B-26232,23-11-2019,Alexander,Maryland,Baltimore
B-26233,24-11-2019,Evelyn,Virginia,Richmond
B-26234,25-11-2019,Olivia,New Jersey,Newark
B-26235,26-11-2019,William,Connecticut,Hartford
B-26236,27-11-2019,Sophia,Vermont,Burlington
B-26237,28-11-2019,Liam,New Hampshire,Manchester
B-26238,29-11-2019,Emma,Maine,Portland
B-26239,30-11-2019,Noah,Florida,Orlando
B-26240,01-12-2019,Ava,Georgia,Savannah
B-26241,02-12-2019,James,Tennessee,Nashville
B-26242,03-12-2019,Isabella,Kentucky,Louisville
B-26243,04-12-2019,Lucas,Ohio,Columbus
B-26244,05-12-2019,Mia,Indiana,Indianapolis
B-26245,06-12-2019,Alexander,Michigan,Detroit
B-26246,07-12-2019,Evelyn,Wisconsin,Milwaukee
B-26247,08-12-2019,Olivia,Minnesota,Minneapolis
B-26248,09-12-2019,William,Iowa,Des Moines
B-26249,10-12-2019,Sophia,Missouri,Kansas City
B-26250,11-12-2019,Liam,Oklahoma,Oklahoma City
B-26251,12-12-2019,Emma,Texas,Austin
B-26252,13-12-2019,Noah,Louisiana,New Orleans
B-26253,14-12-2019,Ava,Arkansas,Little Rock
B-26254,15-12-2019,James,Mississippi,Jackson
B-26255,16-12-2019,Isabella,Alabama,Birmingham
B-26256,17-12-2019,Lucas,Kentucky,Lexington
B-26257,18-12-2019,Mia,South Carolina,Columbia
B-26258,19-12-2019,Alexander,North Carolina,Charlotte
B-26259,20-12-2019,Evelyn,West Virginia,Charleston
B-26260,21-12-2019,Olivia,Delaware,Wilmington
B-26261,22-12-2019,William,District of Columbia,Washington D.C.
B-26262,23-12-2019,Sophia,Rhode Island,Providence
B-26263,24-12-2019,Liam,Hawaii,Honolulu
B-26264,25-12-2019,Emma,Alaska,Anchorage
B-26265,26-12-2019,Noah,Idaho,Boise
B-26266,27-12-2019,Ava,Montana,Billings
B-26267,28-12-2019,James,Wyoming,Cheyenne
B-26268,29-12-2019,Isabella,New Mexico,Albuquerque
B-26269,30-12-2019,Lucas,Utah,Salt Lake City
B-26270,31-12-2019,Mia,Illinois,Chicago
B-26271,01-01-2020,Alexander,Texas,Houston
B-26272,02-01-2020,Evelyn,Florida,Miami
B-26273,03-01-2020,Olivia,California,Los Angeles
B-26274,04-01-2020,William,Pennsylvania,Philadelphia
B-26275,05-01-2020,Sophia,Washington,Seattle
B-26276,06-01-2020,Liam,New York,New York City
B-26277,07-01-2020,Emma,Georgia,Atlanta
B-26278,08-01-2020,Noah,Colorado,Denver
B-26279,09-01-2020,Ava,Arizona,Phoenix
B-26280,10-01-2020,James,Oregon,Portland
B-26281,11-01-2020,Isabella,Nevada,Las Vegas
B-26282,12-01-2020,Lucas,Utah,Salt Lake City
B-26283,13-01-2020,Mia,Massachusetts,Boston
B-26284,14-01-2020,Alexander,Maryland,Baltimore
B-26285,15-01-2020,Evelyn,Virginia,Richmond
B-26286,16-01-2020,Olivia,New Jersey,Newark
B-26287,17-01-2020,William,Connecticut,Hartford
B-26288,18-01-2020,Sophia,Vermont,Burlington
B-26289,19-01-2020,Liam,New Hampshire,Manchester
B-26290,20-01-2020,Emma,Maine,Portland
B-26291,21-01-2020,Noah,Florida,Orlando
B-26292,22-01-2020,Ava,Georgia,Savannah
B-26293,23-01-2020,James,Tennessee,Nashville
B-26294,24-01-2020,Isabella,Kentucky,Louisville
B-26295,25-01-2020,Lucas,Ohio,Columbus
B-26296,26-01-2020,Mia,Indiana,Indianapolis
B-26297,27-01-2020,Alexander,Michigan,Detroit
B-26298,28-01-2020,Evelyn,Wisconsin,Milwaukee
B-26299,29-01-2020,Olivia,Minnesota,Minneapolis
B-26300,30-01-2020,William,Iowa,Des Moines
B-26301,31-01-2020,Sophia,Missouri,Kansas City
B-26302,01-02-2020,Liam,Oklahoma,Oklahoma City
B-26303,02-02-2020,Emma,Texas,Austin
B-26304,03-02-2020,Noah,Louisiana,New Orleans
B-26305,04-02-2020,Ava,Arkansas,Little Rock
B-26306,05-02-2020,James,Mississippi,Jackson
B-26307,06-02-2020,Isabella,Alabama,Birmingham
B-26308,07-02-2020,Lucas,Kentucky,Lexington
B-26309,08-02-2020,Mia,South Carolina,Columbia
B-26310,09-02-2020,Alexander,North Carolina,Charlotte
B-26311,10-02-2020,Evelyn,West Virginia,Charleston
B-26312,11-02-2020,Olivia,Delaware,Wilmington
B-26313,12-02-2020,William,District of Columbia,Washington D.C.
B-26314,13-02-2020,Sophia,Rhode Island,Providence
B-26315,14-02-2020,Liam,Hawaii,Honolulu
B-26316,15-02-2020,Emma,Alaska,Anchorage
B-26317,16-02-2020,Noah,Idaho,Boise
B-26318,17-02-2020,Ava,Montana,Billings
B-26319,18-02-2020,James,Wyoming,Cheyenne
B-26320,19-02-2020,Isabella,New Mexico,Albuquerque
B-26321,20-02-2020,Lucas,Utah,Salt Lake City
B-26322,21-02-2020,Mia,Illinois,Chicago
B-26323,22-02-2020,Alexander,Texas,Houston
B-26324,23-02-2020,Evelyn,Florida,Miami
B-26325,24-02-2020,Olivia,California,Los Angeles
B-26326,25-02-2020,William,Pennsylvania,Philadelphia
B-26327,26-02-2020,Sophia,Washington,Seattle
B-26328,27-02-2020,Liam,New York,New York City
B-26329,28-02-2020,Emma,Georgia,Atlanta
B-26330,29-02-2020,Noah,Colorado,Denver
B-26331,01-03-2020,Ava,Arizona,Phoenix
B-26332,02-03-2020,James,Oregon,Portland
B-26333,03-03-2020,Isabella,Nevada,Las Vegas
B-26334,04-03-2020,Lucas,Utah,Salt Lake City
B-26335,05-03-2020,Mia,Massachusetts,Boston
B-26336,06-03-2020,Alexander,Maryland,Baltimore
B-26337,07-03-2020,Evelyn,Virginia,Richmond
B-26338,08-03-2020,Olivia,New Jersey,Newark
B-26339,09-03-2020,William,Connecticut,Hartford
B-26340,10-03-2020,Sophia,Vermont,Burlington
B-26341,11-03-2020,Liam,New Hampshire,Manchester
B-26342,12-03-2020,Emma,Maine,Portland
B-26343,13-03-2020,Noah,Florida,Orlando
B-26344,14-03-2020,Ava,Georgia,Savannah
B-26345,15-03-2020,James,Tennessee,Nashville
B-26346,16-03-2020,Isabella,Kentucky,Louisville
B-26347,17-03-2020,Lucas,Ohio,Columbus
B-26348,18-03-2020,Mia,Indiana,Indianapolis
B-26349,19-03-2020,Alexander,Michigan,Detroit
B-26350,20-03-2020,Evelyn,Wisconsin,Milwaukee
B-26351,21-03-2020,Olivia,Minnesota,Minneapolis
B-26352,22-03-2020,William,Iowa,Des Moines
B-26353,23-03-2020,Sophia,Missouri,Kansas City
B-26354,24-03-2020,Liam,Oklahoma,Oklahoma City
B-26355,25-03-2020,Emma,Texas,Austin
B-26356,26-03-2020,Noah,Louisiana,New Orleans
B-26357,27-03-2020,Ava,Arkansas,Little Rock
B-26358,28-03-2020,James,Mississippi,Jackson
B-26359,29-03-2020,Isabella,Alabama,Birmingham
B-26360,30-03-2020,Lucas,Kentucky,Lexington
B-26361,31-03-2020,Mia,South Carolina,Columbia
B-26362,01-04-2020,Alexander,North Carolina,Charlotte
B-26363,02-04-2020,Evelyn,West Virginia,Charleston
B-26364,03-04-2020,Olivia,Delaware,Wilmington
B-26365,04-04-2020,William,District of Columbia,Washington D.C.
B-26366,05-04-2020,Sophia,Rhode Island,Providence
B-26367,06-04-2020,Liam,Hawaii,Honolulu
B-26368,07-04-2020,Emma,Alaska,Anchorage
B-26369,08-04-2020,Noah,Idaho,Boise
B-26370,09-04-2020,Ava,Montana,Billings
B-26371,10-04-2020,James,Wyoming,Cheyenne
B-26372,11-04-2020,Isabella,New Mexico,Albuquerque
B-26373,12-04-2020,Lucas,Utah,Salt Lake City
B-26374,13-04-2020,Mia,Illinois,Chicago
B-26375,14-04-2020,Alexander,Texas,Houston
B-26376,15-04-2020,Evelyn,Florida,Miami
B-26377,16-04-2020,Olivia,California,Los Angeles
B-26378,17-04-2020,William,Pennsylvania,Philadelphia
B-26379,18-04-2020,Sophia,Washington,Seattle
B-26380,19-04-2020,Liam,New York,New York City
B-26381,20-04-2020,Emma,Georgia,Atlanta
B-26382,21-04-2020,Noah,Colorado,Denver
B-26383,22-04-2020,Ava,Arizona,Phoenix
B-26384,23-04-2020,James,Oregon,Portland
B-26385,24-04-2020,Isabella,Nevada,Las Vegas
B-26386,25-04-2020,Lucas,Utah,Salt Lake City
B-26387,26-04-2020,Mia,Massachusetts,Boston
B-26388,27-04-2020,Alexander,Maryland,Baltimore
B-26389,28-04-2020,Evelyn,Virginia,Richmond
B-26390,29-04-2020,Olivia,New Jersey,Newark
B-26391,30-04-2020,William,Connecticut,Hartford
B-26392,01-05-2020,Sophia,Vermont,Burlington
B-26393,02-05-2020,Liam,New Hampshire,Manchester
B-26394,03-05-2020,Emma,Maine,Portland
B-26395,04-05-2020,Noah,Florida,Orlando
B-26396,05-05-2020,Ava,Georgia,Savannah
B-26397,06-05-2020,James,Tennessee,Nashville
B-26398,07-05-2020,Isabella,Kentucky,Louisville
B-26399,08-05-2020,Lucas,Ohio,Columbus
B-26400,09-05-2020,Mia,Indiana,Indianapolis
B-26401,10-05-2020,Alexander,Michigan,Detroit
B-26402,11-05-2020,Evelyn,Wisconsin,Milwaukee
B-26403,12-05-2020,Olivia,Minnesota,Minneapolis
B-26404,13-05-2020,William,Iowa,Des Moines
B-26405,14-05-2020,Sophia,Missouri,Kansas City
B-26406,15-05-2020,Liam,Oklahoma,Oklahoma City
B-26407,16-05-2020,Emma,Texas,Austin
B-26408,17-05-2020,Noah,Louisiana,New Orleans
B-26409,18-05-2020,Ava,Arkansas,Little Rock
B-26410,19-05-2020,James,Mississippi,Jackson
B-26411,20-05-2020,Isabella,Alabama,Birmingham
B-26412,21-05-2020,Lucas,Kentucky,Lexington
B-26413,22-05-2020,Mia,South Carolina,Columbia
B-26414,23-05-2020,Alexander,North Carolina,Charlotte
B-26415,24-05-2020,Evelyn,West Virginia,Charleston
B-26416,25-05-2020,Olivia,Delaware,Wilmington
B-26417,26-05-2020,William,District of Columbia,Washington D.C.
B-26418,27-05-2020,Sophia,Rhode Island,Providence
B-26419,28-05-2020,Liam,Hawaii,Honolulu
B-26420,29-05-2020,Emma,Alaska,Anchorage
B-26421,30-05-2020,Noah,Idaho,Boise
B-26422,31-05-2020,Ava,Montana,Billings
B-26423,01-06-2020,James,Wyoming,Cheyenne
B-26424,02-06-2020,Isabella,New Mexico,Albuquerque
B-26425,03-06-2020,Lucas,Utah,Salt Lake City
B-26426,04-06-2020,Mia,Illinois,Chicago
B-26427,05-06-2020,Alexander,Texas,Houston
B-26428,06-06-2020,Evelyn,Florida,Miami
B-26429,07-06-2020,Olivia,California,Los Angeles
B-26430,08-06-2020,William,Pennsylvania,Philadelphia
B-26431,09-06-2020,Sophia,Washington,Seattle
B-26432,10-06-2020,Liam,New York,New York City
B-26433,11-06-2020,Emma,Georgia,Atlanta
B-26434,12-06-2020,Noah,Colorado,Denver
B-26435,13-06-2020,Ava,Arizona,Phoenix
B-26436,14-06-2020,James,Oregon,Portland
B-26437,15-06-2020,Isabella,Nevada,Las Vegas
B-26438,16-06-2020,Lucas,Utah,Salt Lake City
B-26439,17-06-2020,Mia,Massachusetts,Boston
B-26440,18-06-2020,Alexander,Maryland,Baltimore
B-26441,19-06-2020,Evelyn,Virginia,Richmond
B-26442,20-06-2020,Olivia,New Jersey,Newark
B-26443,21-06-2020,William,Connecticut,Hartford
B-26444,22-06-2020,Sophia,Vermont,Burlington
B-26445,23-06-2020,Liam,New Hampshire,Manchester
B-26446,24-06-2020,Emma,Maine,Portland
B-26447,25-06-2020,Noah,Florida,Orlando
B-26448,26-06-2020,Ava,Georgia,Savannah
B-26449,27-06-2020,James,Tennessee,Nashville
B-26450,28-06-2020,Isabella,Kentucky,Louisville
B-26451,29-06-2020,Lucas,Ohio,Columbus
B-26452,30-06-2020,Mia,Indiana,Indianapolis
B-26453,01-07-2020,Alexander,Michigan,Detroit
B-26454,02-07-2020,Evelyn,Wisconsin,Milwaukee
B-26455,03-07-2020,Olivia,Minnesota,Minneapolis
B-26456,04-07-2020,William,Iowa,Des Moines
B-26457,05-07-2020,Sophia,Missouri,Kansas City
B-26458,06-07-2020,Liam,Oklahoma,Oklahoma City
B-26459,07-07-2020,Emma,Texas,Austin
B-26460,08-07-2020,Noah,Louisiana,New Orleans
B-26461,09-07-2020,Ava,Arkansas,Little Rock
B-26462,10-07-2020,James,Mississippi,Jackson
B-26463,11-07-2020,Isabella,Alabama,Birmingham
